customer_id,region_id,area_id,join_date
1,3,4,2020-01-02
2,3,5,2020-01-03
3,5,4,2020-01-27
4,5,4,2020-01-07
5,3,3,2020-01-15
6,1,1,2020-01-11
7,2,5,2020-01-20
8,1,2,2020-01-15
9,4,5,2020-01-21
10,3,4,2020-01-13
11,2,5,2020-01-19
12,1,2,2020-01-13
13,2,3,2020-01-02
14,1,2,2020-01-25
15,1,3,2020-01-25
16,4,4,2020-01-13
17,2,3,2020-01-19
18,1,3,2020-01-17
19,2,2,2020-01-17
20,2,4,2020-01-18
21,3,2,2020-01-12
22,4,3,2020-01-19
23,1,5,2020-01-21
24,2,5,2020-01-26
25,5,1,2020-01-28
26,3,3,2020-01-17
27,4,3,2020-01-01
28,4,2,2020-01-20
29,2,3,2020-01-19
30,2,1,2020-01-26
31,3,2,2020-01-06
32,4,4,2020-01-12
33,3,4,2020-01-24
34,2,3,2020-01-30
35,4,5,2020-01-17
36,2,3,2020-01-30
37,1,3,2020-01-29
38,5,1,2020-01-21
39,5,2,2020-01-22
40,2,1,2020-01-21
41,5,1,2020-01-30
42,4,3,2020-01-11
43,2,2,2020-01-28
44,3,1,2020-01-19
45,2,1,2020-01-14
46,1,4,2020-01-23
47,5,4,2020-01-22
48,5,2,2020-01-01
49,2,5,2020-01-04
50,2,5,2020-01-29
51,1,3,2020-01-20
52,5,2,2020-01-12
53,4,1,2020-01-24
54,4,1,2020-01-09
55,5,5,2020-01-25
56,4,4,2020-01-18
57,5,5,2020-01-06
58,3,2,2020-01-11
59,3,1,2020-01-20
60,5,5,2020-01-19
61,4,5,2020-01-21
62,2,1,2020-01-16
63,1,3,2020-01-06
64,2,3,2020-01-08
65,1,3,2020-01-26
66,1,2,2020-01-16
67,3,3,2020-01-22
68,3,3,2020-01-20
69,1,1,2020-01-10
70,3,3,2020-01-08
71,1,3,2020-01-14
72,3,2,2020-01-20
73,1,1,2020-01-06
74,5,1,2020-01-13
75,4,5,2020-01-22
76,2,1,2020-01-04
77,5,4,2020-01-08
78,5,3,2020-01-28
79,1,5,2020-01-29
80,4,3,2020-01-25
81,1,5,2020-01-25
82,2,5,2020-01-09
83,2,1,2020-01-09
84,1,4,2020-01-23
85,5,5,2020-01-11
86,4,3,2020-01-03
87,2,5,2020-01-13
88,3,2,2020-01-12
89,5,2,2020-01-25
90,4,1,2020-01-19
91,4,3,2020-01-11
92,3,3,2020-01-05
93,4,1,2020-01-11
94,5,2,2020-01-01
95,1,2,2020-01-03
96,3,1,2020-01-03
97,3,4,2020-01-04
98,1,5,2020-01-15
99,2,4,2020-01-08
100,1,3,2020-01-06
101,2,3,2020-01-12
102,1,4,2020-01-26
103,4,1,2020-01-07
104,4,4,2020-01-25
105,1,4,2020-01-07
106,2,5,2020-01-24
107,2,4,2020-01-13
108,1,1,2020-01-30
109,4,5,2020-01-01
110,2,1,2020-01-01
111,4,1,2020-01-28
112,1,1,2020-01-08
113,1,4,2020-01-21
114,1,3,2020-01-19
115,5,2,2020-01-29
116,1,2,2020-01-28
117,5,1,2020-01-15
118,3,2,2020-01-03
119,2,4,2020-01-17
120,1,5,2020-01-23
121,3,3,2020-01-01
122,2,3,2020-01-29
123,4,2,2020-01-16
124,3,3,2020-01-01
125,2,5,2020-01-04
126,4,1,2020-01-21
127,5,3,2020-01-17
128,4,1,2020-01-26
129,3,1,2020-01-12
130,3,4,2020-01-02
131,3,4,2020-01-10
132,4,2,2020-01-10
133,2,1,2020-01-10
134,1,2,2020-01-08
135,5,4,2020-01-09
136,3,2,2020-01-11
137,1,3,2020-01-06
138,4,4,2020-01-11
139,4,4,2020-01-10
140,1,5,2020-01-26
141,3,3,2020-01-15
142,1,5,2020-01-16
143,5,5,2020-01-29
144,3,4,2020-01-14
145,5,1,2020-01-02
146,1,5,2020-01-05
147,1,1,2020-01-15
148,4,1,2020-01-12
149,1,1,2020-01-13
150,2,5,2020-01-04
151,1,2,2020-01-10
152,4,1,2020-01-01
153,3,5,2020-01-18
154,2,5,2020-01-15
155,4,1,2020-01-10
156,5,5,2020-01-24
157,2,3,2020-01-06
158,5,1,2020-01-18
159,5,3,2020-01-04
160,4,4,2020-01-17
161,1,2,2020-01-08
162,2,1,2020-01-10
163,4,2,2020-01-14
164,3,5,2020-01-10
165,4,5,2020-01-23
166,2,1,2020-01-22
167,4,5,2020-01-30
168,5,1,2020-01-13
169,1,1,2020-01-10
170,5,1,2020-01-14
171,1,4,2020-01-17
172,2,3,2020-01-12
173,5,2,2020-01-14
174,4,5,2020-01-11
175,1,5,2020-01-14
176,2,1,2020-01-26
177,3,5,2020-01-20
178,1,4,2020-01-23
179,4,3,2020-01-05
180,1,2,2020-01-09
181,4,4,2020-01-13
182,3,1,2020-01-08
183,2,4,2020-01-22
184,2,4,2020-01-27
185,5,1,2020-01-29
186,2,4,2020-01-17
187,1,5,2020-01-26
188,1,3,2020-01-13
189,4,2,2020-01-11
190,5,5,2020-01-26
191,5,4,2020-01-16
192,5,5,2020-01-20
193,5,5,2020-01-12
194,4,5,2020-01-28
195,4,3,2020-01-19
196,5,4,2020-01-13
197,2,2,2020-01-22
198,3,1,2020-01-17
199,2,4,2020-01-20
200,1,4,2020-01-29
201,4,1,2020-01-02
202,2,2,2020-01-06
203,5,5,2020-01-06
204,1,5,2020-01-28
205,2,1,2020-01-02
206,2,4,2020-01-09
207,4,3,2020-01-26
208,2,3,2020-01-19
209,4,3,2020-01-23
210,5,2,2020-01-19
211,1,1,2020-01-19
212,2,2,2020-01-02
213,3,2,2020-01-17
214,2,3,2020-01-14
215,2,2,2020-01-27
216,3,3,2020-01-04
217,1,3,2020-01-08
218,5,4,2020-01-29
219,2,2,2020-01-06
220,2,3,2020-01-21
221,4,1,2020-01-06
222,1,5,2020-01-11
223,4,4,2020-01-11
224,2,5,2020-01-21
225,3,2,2020-01-10
226,2,5,2020-01-11
227,1,2,2020-01-07
228,4,3,2020-01-10
229,5,3,2020-01-23
230,3,3,2020-01-21
231,3,5,2020-01-20
232,4,3,2020-01-02
233,2,1,2020-01-03
234,2,1,2020-01-03
235,1,3,2020-01-07
236,4,5,2020-01-27
237,1,3,2020-01-16
238,4,4,2020-01-18
239,4,5,2020-01-18
240,2,3,2020-01-10
241,4,3,2020-01-01
242,3,1,2020-01-20
243,1,4,2020-01-01
244,1,4,2020-01-27
245,3,4,2020-01-30
246,1,3,2020-01-29
247,3,5,2020-01-01
248,4,3,2020-01-24
249,5,3,2020-01-14
250,3,4,2020-01-25
251,2,4,2020-01-09
252,4,3,2020-01-26
253,4,4,2020-01-29
254,1,5,2020-01-05
255,4,1,2020-01-14
256,3,5,2020-01-26
257,5,1,2020-01-20
258,1,1,2020-01-25
259,2,4,2020-01-04
260,4,2,2020-01-26
261,2,4,2020-01-25
262,3,3,2020-01-04
263,2,3,2020-01-16
264,4,1,2020-01-16
265,1,2,2020-01-08
266,3,3,2020-01-17
267,3,4,2020-01-19
268,4,4,2020-01-11
269,5,3,2020-01-14
270,4,1,2020-01-16
271,3,4,2020-01-08
272,2,2,2020-01-11
273,2,5,2020-01-19
274,1,1,2020-01-02
275,2,4,2020-01-28
276,1,4,2020-01-07
277,1,4,2020-01-27
278,1,3,2020-01-26
279,4,1,2020-01-13
280,2,2,2020-01-03
281,2,5,2020-01-06
282,1,5,2020-01-24
283,1,2,2020-01-05
284,1,1,2020-01-30
285,3,4,2020-01-22
286,4,3,2020-01-02
287,1,2,2020-01-22
288,4,2,2020-01-13
289,3,3,2020-01-28
290,4,2,2020-01-15
291,5,5,2020-01-20
292,1,3,2020-01-10
293,5,5,2020-01-15
294,2,3,2020-01-12
295,2,5,2020-01-26
296,5,3,2020-01-13
297,1,4,2020-01-25
298,4,1,2020-01-16
299,3,5,2020-01-13
300,2,5,2020-01-21
301,3,4,2020-01-20
302,1,5,2020-01-27
303,1,4,2020-01-18
304,5,2,2020-01-16
305,1,4,2020-01-09
306,4,1,2020-01-27
307,5,3,2020-01-14
308,3,5,2020-01-14
309,5,2,2020-01-13
310,5,3,2020-01-20
311,3,1,2020-01-17
312,5,3,2020-01-20
313,3,1,2020-01-29
314,1,5,2020-01-26
315,3,2,2020-01-22
316,4,1,2020-01-23
317,2,1,2020-01-11
318,4,4,2020-01-06
319,1,5,2020-01-06
320,3,1,2020-01-10
321,3,3,2020-01-24
322,5,5,2020-01-05
323,1,3,2020-01-21
324,1,5,2020-01-04
325,2,2,2020-01-27
326,4,3,2020-01-12
327,5,4,2020-01-14
328,3,1,2020-01-22
329,5,5,2020-01-07
330,5,5,2020-01-26
331,5,2,2020-01-17
332,5,5,2020-01-27
333,5,5,2020-01-08
334,2,5,2020-01-15
335,2,1,2020-01-14
336,2,1,2020-01-16
337,3,4,2020-01-12
338,3,5,2020-01-17
339,2,5,2020-01-10
340,4,3,2020-01-06
341,5,4,2020-01-26
342,1,3,2020-01-25
343,2,5,2020-01-01
344,1,5,2020-01-07
345,4,4,2020-01-01
346,4,2,2020-01-21
347,1,2,2020-01-04
348,3,3,2020-01-22
349,3,4,2020-01-17
350,2,4,2020-01-13
351,3,2,2020-01-03
352,5,4,2020-01-21
353,3,2,2020-01-01
354,5,4,2020-01-23
355,3,4,2020-01-21
356,5,2,2020-01-11
357,4,4,2020-01-20
358,3,3,2020-01-15
359,2,5,2020-01-09
360,5,1,2020-01-16
361,5,4,2020-01-12
362,5,2,2020-01-28
363,5,1,2020-01-06
364,4,2,2020-01-10
365,2,5,2020-01-25
366,2,4,2020-01-21
367,3,5,2020-01-29
368,1,5,2020-01-17
369,4,4,2020-01-25
370,5,3,2020-01-13
371,5,4,2020-01-21
372,2,1,2020-01-02
373,5,2,2020-01-18
374,2,2,2020-01-08
375,1,1,2020-01-19
376,5,5,2020-01-03
377,4,1,2020-01-18
378,2,5,2020-01-07
379,5,2,2020-01-12
380,1,5,2020-01-03
381,1,4,2020-01-28
382,4,2,2020-01-03
383,2,1,2020-01-26
384,3,5,2020-01-12
385,2,5,2020-01-15
386,1,2,2020-01-26
387,1,4,2020-01-22
388,3,4,2020-01-09
389,4,2,2020-01-04
390,2,1,2020-01-15
391,3,1,2020-01-15
392,2,1,2020-01-29
393,2,5,2020-01-17
394,4,1,2020-01-04
395,1,1,2020-01-14
396,3,3,2020-01-01
397,4,3,2020-01-06
398,3,4,2020-01-01
399,3,1,2020-01-13
400,4,2,2020-01-24
401,1,3,2020-01-03
402,2,5,2020-01-05
403,3,4,2020-01-13
404,5,2,2020-01-02
405,4,4,2020-01-04
406,5,1,2020-01-26
407,3,5,2020-01-14
408,5,1,2020-01-21
409,5,5,2020-01-22
410,2,5,2020-01-07
411,2,2,2020-01-27
412,4,3,2020-01-01
413,3,5,2020-01-26
414,1,2,2020-01-08
415,5,2,2020-01-07
416,1,3,2020-01-16
417,1,4,2020-01-04
418,1,1,2020-01-07
419,1,3,2020-01-11
420,2,5,2020-01-24
421,3,4,2020-01-09
422,1,4,2020-01-25
423,4,1,2020-01-18
424,1,4,2020-01-12
425,3,4,2020-01-09
426,1,3,2020-01-15
427,4,4,2020-01-22
428,2,4,2020-01-15
429,5,1,2020-01-21
430,2,1,2020-01-20
431,3,4,2020-01-11
432,1,5,2020-01-26
433,4,5,2020-01-15
434,5,2,2020-01-14
435,3,1,2020-01-01
436,3,4,2020-01-05
437,1,3,2020-01-05
438,4,5,2020-01-01
439,3,3,2020-01-26
440,5,2,2020-01-03
441,4,3,2020-01-12
442,1,1,2020-01-26
443,2,3,2020-01-28
444,3,5,2020-01-10
445,2,3,2020-01-25
446,3,3,2020-01-15
447,5,5,2020-01-03
448,3,1,2020-01-30
449,3,2,2020-01-06
450,3,1,2020-01-11
451,1,2,2020-01-30
452,2,2,2020-01-01
453,1,3,2020-01-25
454,2,3,2020-01-08
455,1,2,2020-01-07
456,2,1,2020-01-07
457,1,3,2020-01-23
458,4,2,2020-01-04
459,3,5,2020-01-13
460,3,4,2020-01-29
461,1,2,2020-01-01
462,1,5,2020-01-26
463,4,1,2020-01-21
464,1,2,2020-01-17
465,4,1,2020-01-28
466,1,5,2020-01-17
467,3,1,2020-01-19
468,4,1,2020-01-25
469,2,5,2020-01-17
470,3,2,2020-01-08
471,2,1,2020-01-13
472,4,2,2020-01-18
473,5,3,2020-01-17
474,3,2,2020-01-02
475,2,5,2020-01-03
476,3,1,2020-01-27
477,3,3,2020-01-04
478,3,4,2020-01-08
479,3,4,2020-01-23
480,2,2,2020-01-29
481,1,3,2020-01-02
482,3,5,2020-01-01
483,5,4,2020-01-18
484,3,5,2020-01-28
485,2,3,2020-01-03
486,3,2,2020-01-11
487,3,3,2020-01-15
488,5,2,2020-01-08
489,4,5,2020-01-15
490,5,1,2020-01-23
491,3,3,2020-01-08
492,1,2,2020-01-05
493,4,4,2020-01-15
494,5,3,2020-01-20
495,5,1,2020-01-17
496,3,3,2020-01-06
497,5,1,2020-01-30
498,1,4,2020-01-19
499,5,5,2020-01-02
500,2,2,2020-01-16
1,3,4,2020-01-04
2,3,3,2020-01-18
3,5,5,2020-02-19
4,5,4,2020-01-20
5,3,1,2020-01-24
6,1,1,2020-02-07
7,2,4,2020-02-05
8,1,1,2020-01-29
9,4,4,2020-01-26
10,3,1,2020-01-15
11,2,3,2020-01-26
12,1,2,2020-01-15
13,2,4,2020-01-15
14,1,1,2020-01-26
15,1,1,2020-02-09
16,4,2,2020-01-19
17,2,2,2020-01-28
18,1,1,2020-02-16
19,2,4,2020-02-07
20,2,3,2020-02-10
21,3,1,2020-01-26
22,4,5,2020-02-19
23,1,4,2020-02-16
24,2,3,2020-02-15
25,5,1,2020-02-11
26,3,3,2020-01-26
27,4,3,2020-01-23
28,4,4,2020-02-14
29,2,1,2020-02-01
30,2,5,2020-02-07
31,3,4,2020-01-14
32,4,4,2020-01-15
33,3,4,2020-02-18
34,2,2,2020-02-19
35,4,4,2020-02-16
36,2,1,2020-02-20
37,1,3,2020-02-05
38,5,4,2020-02-15
39,5,1,2020-01-24
40,2,2,2020-02-18
41,5,2,2020-02-27
42,4,3,2020-01-17
43,2,4,2020-02-26
44,3,2,2020-02-10
45,2,1,2020-02-09
46,1,1,2020-01-27
47,5,1,2020-01-27
48,5,4,2020-01-19
49,2,4,2020-01-10
50,2,4,2020-02-07
51,1,5,2020-02-03
52,5,2,2020-01-27
53,4,3,2020-01-30
54,4,3,2020-01-30
55,5,5,2020-02-08
56,4,1,2020-01-21
57,5,5,2020-01-29
58,3,1,2020-02-01
59,3,5,2020-02-04
60,5,3,2020-01-21
61,4,3,2020-01-27
62,2,5,2020-02-12
63,1,3,2020-02-02
64,2,2,2020-01-25
65,1,5,2020-02-18
66,1,2,2020-02-07
67,3,4,2020-02-15
68,3,2,2020-02-19
69,1,1,2020-02-10
70,3,2,2020-01-23
71,1,5,2020-02-01
72,3,5,2020-02-17
73,1,2,2020-01-25
74,5,1,2020-02-07
75,4,4,2020-01-31
76,2,4,2020-02-04
77,5,1,2020-01-17
78,5,2,2020-01-30
79,1,5,2020-02-06
80,4,2,2020-02-17
81,1,3,2020-02-05
82,2,1,2020-02-02
83,2,5,2020-02-02
84,1,2,2020-02-07
85,5,5,2020-01-27
86,4,2,2020-01-26
87,2,2,2020-02-04
88,3,1,2020-02-04
89,5,2,2020-02-03
90,4,1,2020-02-09
91,4,2,2020-01-22
92,3,2,2020-01-30
93,4,2,2020-01-22
94,5,2,2020-01-26
95,1,1,2020-01-22
96,3,2,2020-01-21
97,3,5,2020-01-31
98,1,1,2020-01-29
99,2,2,2020-01-31
100,1,1,2020-01-16
101,2,3,2020-01-20
102,1,4,2020-01-29
103,4,3,2020-01-21
104,4,3,2020-02-13
105,1,1,2020-01-20
106,2,3,2020-02-22
107,2,1,2020-02-08
108,1,2,2020-02-07
109,4,1,2020-02-01
110,2,1,2020-01-08
111,4,4,2020-02-21
112,1,3,2020-01-29
113,1,1,2020-02-01
114,1,1,2020-01-24
115,5,5,2020-02-27
116,1,5,2020-01-30
117,5,4,2020-01-25
118,3,3,2020-02-02
119,2,4,2020-02-07
120,1,3,2020-02-16
121,3,5,2020-01-24
122,2,4,2020-02-02
123,4,3,2020-01-21
124,3,4,2020-01-05
125,2,1,2020-01-27
126,4,3,2020-02-03
127,5,2,2020-02-16
128,4,2,2020-02-26
129,3,2,2020-02-11
130,3,5,2020-01-22
131,3,1,2020-01-29
132,4,1,2020-01-29
133,2,4,2020-01-18
134,1,3,2020-01-29
135,5,5,2020-01-29
136,3,1,2020-01-17
137,1,5,2020-01-14
138,4,3,2020-01-29
139,4,3,2020-01-29
140,1,1,2020-02-11
141,3,4,2020-01-30
142,1,3,2020-01-25
143,5,1,2020-02-06
144,3,3,2020-02-14
145,5,1,2020-01-26
146,1,4,2020-01-25
147,1,5,2020-02-13
148,4,5,2020-01-15
149,1,1,2020-01-26
150,2,3,2020-01-19
151,1,5,2020-01-27
152,4,5,2020-01-16
153,3,4,2020-02-14
154,2,3,2020-01-23
155,4,1,2020-02-08
156,5,4,2020-02-14
157,2,5,2020-01-25
158,5,5,2020-01-29
159,5,5,2020-01-27
160,4,1,2020-01-24
161,1,2,2020-01-09
162,2,3,2020-01-18
163,4,1,2020-02-01
164,3,5,2020-01-22
165,4,3,2020-02-03
166,2,4,2020-01-25
167,4,2,2020-02-04
168,5,3,2020-02-13
169,1,4,2020-01-20
170,5,4,2020-01-23
171,1,3,2020-01-31
172,2,4,2020-02-01
173,5,3,2020-02-11
174,4,4,2020-02-03
175,1,3,2020-02-12
176,2,4,2020-02-24
177,3,2,2020-02-06
178,1,2,2020-02-23
179,4,1,2020-02-04
180,1,4,2020-01-20
181,4,1,2020-02-05
182,3,5,2020-01-23
183,2,1,2020-02-05
184,2,3,2020-02-04
185,5,4,2020-02-28
186,2,2,2020-01-26
187,1,3,2020-02-01
188,1,1,2020-02-08
189,4,5,2020-01-16
190,5,1,2020-02-19
191,5,3,2020-01-22
192,5,2,2020-01-27
193,5,2,2020-01-26
194,4,5,2020-02-26
195,4,4,2020-02-08
196,5,1,2020-02-10
197,2,4,2020-02-03
198,3,1,2020-02-09
199,2,1,2020-01-31
200,1,4,2020-02-10
201,4,1,2020-01-19
202,2,2,2020-01-18
203,5,3,2020-01-18
204,1,3,2020-01-31
205,2,4,2020-01-20
206,2,3,2020-01-13
207,4,3,2020-02-10
208,2,2,2020-01-25
209,4,2,2020-01-31
210,5,2,2020-01-28
211,1,1,2020-02-13
212,2,1,2020-02-02
213,3,2,2020-01-23
214,2,2,2020-01-25
215,2,2,2020-02-12
216,3,5,2020-01-13
217,1,5,2020-01-15
218,5,1,2020-02-23
219,2,2,2020-01-16
220,2,4,2020-02-09
221,4,2,2020-02-01
222,1,1,2020-01-17
223,4,5,2020-01-29
224,2,2,2020-02-04
225,3,3,2020-02-02
226,2,1,2020-01-27
227,1,1,2020-01-12
228,4,3,2020-02-09
229,5,4,2020-01-25
230,3,1,2020-02-11
231,3,5,2020-02-04
232,4,5,2020-01-18
233,2,3,2020-01-29
234,2,3,2020-01-25
235,1,1,2020-01-09
236,4,1,2020-02-19
237,1,3,2020-01-24
238,4,4,2020-02-07
239,4,1,2020-01-23
240,2,4,2020-02-04
241,4,3,2020-01-25
242,3,5,2020-02-17
243,1,2,2020-01-04
244,1,5,2020-02-23
245,3,4,2020-02-14
246,1,2,2020-02-14
247,3,3,2020-01-12
248,4,1,2020-02-18
249,5,5,2020-02-10
250,3,2,2020-02-01
251,2,5,2020-01-11
252,4,1,2020-02-07
253,4,4,2020-02-24
254,1,4,2020-01-15
255,4,3,2020-01-30
256,3,1,2020-02-11
257,5,2,2020-02-11
258,1,5,2020-02-01
259,2,3,2020-01-06
260,4,5,2020-02-18
261,2,2,2020-02-08
262,3,3,2020-01-14
263,2,5,2020-01-17
264,4,1,2020-02-01
265,1,3,2020-01-29
266,3,4,2020-02-05
267,3,5,2020-01-25
268,4,1,2020-01-13
269,5,5,2020-01-31
270,4,2,2020-01-25
271,3,2,2020-01-17
272,2,4,2020-01-17
273,2,4,2020-02-06
274,1,3,2020-01-15
275,2,5,2020-01-29
276,1,4,2020-01-11
277,1,2,2020-02-24
278,1,4,2020-02-04
279,4,4,2020-01-31
280,2,5,2020-01-25
281,2,4,2020-01-08
282,1,5,2020-02-22
283,1,1,2020-02-01
284,1,2,2020-03-01
285,3,3,2020-02-05
286,4,4,2020-01-04
287,1,4,2020-02-06
288,4,4,2020-01-28
289,3,3,2020-02-28
290,4,1,2020-01-18
291,5,5,2020-02-02
292,1,3,2020-02-03
293,5,1,2020-01-23
294,2,1,2020-02-03
295,2,5,2020-01-28
296,5,5,2020-01-18
297,1,5,2020-02-03
298,4,4,2020-02-08
299,3,2,2020-02-09
300,2,3,2020-02-12
301,3,3,2020-02-03
302,1,2,2020-02-13
303,1,2,2020-02-10
304,5,3,2020-02-11
305,1,2,2020-02-09
306,4,1,2020-02-11
307,5,2,2020-01-28
308,3,1,2020-01-18
309,5,1,2020-02-07
310,5,1,2020-02-14
311,3,4,2020-01-22
312,5,2,2020-02-08
313,3,2,2020-02-25
314,1,2,2020-01-31
315,3,5,2020-02-06
316,4,5,2020-02-08
317,2,3,2020-01-23
318,4,4,2020-01-17
319,1,5,2020-01-08
320,3,2,2020-01-24
321,3,2,2020-02-05
322,5,4,2020-01-25
323,1,2,2020-02-18
324,1,3,2020-02-03
325,2,2,2020-02-05
326,4,5,2020-02-07
327,5,2,2020-02-04
328,3,4,2020-02-13
329,5,2,2020-01-17
330,5,1,2020-01-28
331,5,5,2020-01-21
332,5,1,2020-02-16
333,5,5,2020-01-30
334,2,2,2020-01-30
335,2,5,2020-01-23
336,2,1,2020-01-31
337,3,3,2020-02-07
338,3,1,2020-02-10
339,2,3,2020-01-24
340,4,2,2020-01-26
341,5,1,2020-02-16
342,1,5,2020-01-27
343,2,5,2020-01-23
344,1,5,2020-01-27
345,4,1,2020-01-03
346,4,1,2020-02-13
347,1,2,2020-02-03
348,3,1,2020-01-30
349,3,3,2020-01-29
350,2,2,2020-01-18
351,3,4,2020-01-17
352,5,4,2020-02-08
353,3,3,2020-01-07
354,5,5,2020-02-20
355,3,3,2020-02-17
356,5,4,2020-01-22
357,4,2,2020-02-18
358,3,2,2020-01-23
359,2,2,2020-01-24
360,5,5,2020-01-24
361,5,5,2020-02-11
362,5,1,2020-02-18
363,5,1,2020-01-10
364,4,2,2020-02-08
365,2,4,2020-01-27
366,2,4,2020-02-11
367,3,3,2020-02-26
368,1,5,2020-02-08
369,4,3,2020-02-14
370,5,2,2020-02-08
371,5,2,2020-02-12
372,2,2,2020-01-16
373,5,3,2020-02-11
374,2,1,2020-01-24
375,1,1,2020-01-23
376,5,3,2020-01-18
377,4,3,2020-02-18
378,2,5,2020-01-19
379,5,4,2020-01-29
380,1,2,2020-01-19
381,1,4,2020-02-09
382,4,2,2020-01-08
383,2,3,2020-02-23
384,3,3,2020-01-13
385,2,5,2020-02-08
386,1,3,2020-02-03
387,1,2,2020-01-26
388,3,4,2020-02-04
389,4,2,2020-01-20
390,2,5,2020-01-23
391,3,5,2020-02-13
392,2,1,2020-01-30
393,2,1,2020-02-06
394,4,1,2020-01-31
395,1,5,2020-02-06
396,3,4,2020-01-25
397,4,5,2020-01-31
398,3,5,2020-01-28
399,3,1,2020-01-24
400,4,1,2020-01-29
401,1,1,2020-01-12
402,2,1,2020-01-10
403,3,5,2020-02-12
404,5,4,2020-01-13
405,4,3,2020-01-20
406,5,5,2020-02-03
407,3,2,2020-02-07
408,5,2,2020-01-26
409,5,1,2020-02-10
410,2,4,2020-01-11
411,2,3,2020-02-13
412,4,2,2020-01-24
413,3,3,2020-02-02
414,1,3,2020-01-10
415,5,3,2020-02-06
416,1,4,2020-02-08
417,1,1,2020-01-06
418,1,5,2020-01-18
419,1,1,2020-01-17
420,2,2,2020-02-13
421,3,2,2020-01-27
422,1,4,2020-02-06
423,4,1,2020-02-08
424,1,1,2020-02-06
425,3,5,2020-01-19
426,1,4,2020-02-09
427,4,1,2020-02-20
428,2,4,2020-01-21
429,5,3,2020-01-29
430,2,1,2020-01-24
431,3,4,2020-01-27
432,1,1,2020-02-01
433,4,3,2020-02-15
434,5,1,2020-02-05
435,3,4,2020-01-10
436,3,5,2020-01-10
437,1,1,2020-01-29
438,4,4,2020-01-29
439,3,4,2020-02-25
440,5,3,2020-02-03
441,4,2,2020-01-24
442,1,4,2020-02-10
443,2,3,2020-02-07
444,3,1,2020-01-16
445,2,5,2020-02-15
446,3,5,2020-02-14
447,5,4,2020-01-09
448,3,3,2020-02-15
449,3,3,2020-01-21
450,3,5,2020-02-09
451,1,5,2020-02-15
452,2,3,2020-01-21
453,1,1,2020-02-09
454,2,3,2020-02-07
455,1,4,2020-01-11
456,2,5,2020-01-23
457,1,2,2020-02-12
458,4,1,2020-01-24
459,3,3,2020-01-17
460,3,4,2020-02-04
461,1,4,2020-01-31
462,1,2,2020-02-14
463,4,3,2020-02-12
464,1,1,2020-02-14
465,4,4,2020-02-06
466,1,4,2020-01-27
467,3,3,2020-02-07
468,4,1,2020-02-07
469,2,1,2020-02-01
470,3,4,2020-01-20
471,2,1,2020-01-27
472,4,5,2020-02-05
473,5,4,2020-02-16
474,3,4,2020-01-15
475,2,1,2020-01-11
476,3,1,2020-02-27
477,3,5,2020-01-10
478,3,1,2020-02-04
479,3,1,2020-01-27
480,2,3,2020-02-24
481,1,5,2020-01-30
482,3,2,2020-01-30
483,5,5,2020-01-29
484,3,3,2020-02-14
485,2,2,2020-01-24
486,3,2,2020-01-20
487,3,4,2020-02-04
488,5,3,2020-01-16
489,4,3,2020-02-09
490,5,4,2020-02-01
491,3,2,2020-01-24
492,1,5,2020-01-19
493,4,4,2020-01-23
494,5,3,2020-02-08
495,5,1,2020-01-26
496,3,2,2020-01-10
497,5,5,2020-02-28
498,1,4,2020-01-25
499,5,4,2020-01-05
500,2,1,2020-02-01
1,3,2,2020-01-15
2,3,3,2020-02-10
3,5,3,2020-03-07
4,5,3,2020-02-14
5,3,1,2020-01-31
6,1,4,2020-03-01
7,2,4,2020-02-21
8,1,5,2020-02-13
9,4,5,2020-02-04
10,3,2,2020-01-31
11,2,1,2020-01-31
12,1,1,2020-01-18
13,2,5,2020-01-25
14,1,5,2020-02-05
15,1,3,2020-02-24
16,4,4,2020-02-17
17,2,2,2020-02-24
18,1,3,2020-02-20
19,2,2,2020-02-16
20,2,5,2020-03-11
21,3,2,2020-02-23
22,4,3,2020-02-22
23,1,1,2020-03-13
24,2,1,2020-03-07
25,5,3,2020-02-17
26,3,1,2020-02-18
27,4,4,2020-01-26
28,4,5,2020-02-21
29,2,3,2020-02-18
30,2,1,2020-02-27
31,3,3,2020-02-13
32,4,1,2020-02-08
33,3,5,2020-03-06
34,2,3,2020-02-26
35,4,2,2020-03-09
36,2,4,2020-02-26
37,1,4,2020-02-25
38,5,1,2020-02-22
39,5,5,2020-01-27
40,2,2,2020-02-22
41,5,1,2020-03-24
42,4,4,2020-02-04
43,2,2,2020-03-03
44,3,4,2020-02-21
45,2,1,2020-03-01
46,1,2,2020-02-17
47,5,5,2020-01-29
48,5,1,2020-02-02
49,2,4,2020-02-02
50,2,5,2020-02-26
51,1,2,2020-02-17
52,5,3,2020-02-03
53,4,1,2020-02-02
54,4,2,2020-02-22
55,5,2,2020-02-19
56,4,1,2020-01-24
57,5,2,2020-02-28
58,3,1,2020-02-18
59,3,3,2020-03-04
60,5,3,2020-01-23
61,4,5,2020-02-04
62,2,1,2020-02-27
63,1,3,2020-02-18
64,2,4,2020-02-06
65,1,2,2020-02-28
66,1,1,2020-02-26
67,3,4,2020-02-23
68,3,1,2020-03-10
69,1,2,2020-03-03
70,3,5,2020-02-07
71,1,2,2020-02-10
72,3,1,2020-03-02
73,1,3,2020-02-23
74,5,4,2020-02-13
75,4,1,2020-02-02
76,2,3,2020-02-28
77,5,1,2020-02-04
78,5,2,2020-02-15
79,1,1,2020-02-24
80,4,5,2020-03-05
81,1,1,2020-03-06
82,2,2,2020-02-08
83,2,1,2020-02-26
84,1,4,2020-02-12
85,5,4,2020-02-24
86,4,2,2020-02-08
87,2,3,2020-02-18
88,3,4,2020-02-24
89,5,2,2020-02-15
90,4,3,2020-02-23
91,4,4,2020-02-18
92,3,4,2020-02-17
93,4,4,2020-01-29
94,5,1,2020-02-21
95,1,4,2020-02-16
96,3,5,2020-02-04
97,3,5,2020-02-08
98,1,4,2020-02-01
99,2,3,2020-02-16
100,1,2,2020-01-23
101,2,1,2020-01-28
102,1,1,2020-02-16
103,4,3,2020-02-17
104,4,2,2020-02-25
105,1,4,2020-01-25
106,2,4,2020-03-23
107,2,1,2020-02-23
108,1,1,2020-02-11
109,4,2,2020-02-23
110,2,2,2020-02-05
111,4,4,2020-03-11
112,1,1,2020-02-02
113,1,1,2020-02-20
114,1,4,2020-01-28
115,5,2,2020-03-20
116,1,5,2020-02-16
117,5,2,2020-02-02
118,3,4,2020-02-22
119,2,4,2020-03-07
120,1,3,2020-03-04
121,3,4,2020-01-25
122,2,5,2020-02-03
123,4,1,2020-02-20
124,3,3,2020-02-04
125,2,5,2020-02-07
126,4,4,2020-02-22
127,5,2,2020-02-24
128,4,3,2020-03-16
129,3,5,2020-03-12
130,3,4,2020-01-27
131,3,2,2020-02-13
132,4,3,2020-02-07
133,2,4,2020-02-10
134,1,3,2020-02-28
135,5,3,2020-02-08
136,3,3,2020-02-16
137,1,4,2020-02-08
138,4,5,2020-02-09
139,4,2,2020-02-05
140,1,1,2020-03-12
141,3,2,2020-02-06
142,1,2,2020-01-31
143,5,2,2020-02-18
144,3,4,2020-03-09
145,5,2,2020-02-09
146,1,4,2020-02-19
147,1,4,2020-03-10
148,4,2,2020-01-26
149,1,4,2020-02-11
150,2,1,2020-02-15
151,1,4,2020-02-07
152,4,2,2020-02-03
153,3,3,2020-02-20
154,2,5,2020-02-20
155,4,1,2020-03-05
156,5,1,2020-03-01
157,2,3,2020-02-05
158,5,4,2020-01-30
159,5,3,2020-02-26
160,4,3,2020-01-27
161,1,2,2020-01-21
162,2,3,2020-02-07
163,4,5,2020-02-13
164,3,3,2020-02-07
165,4,2,2020-02-12
166,2,3,2020-02-20
167,4,5,2020-02-25
168,5,5,2020-03-14
169,1,5,2020-02-17
170,5,5,2020-02-07
171,1,4,2020-02-23
172,2,1,2020-02-12
173,5,4,2020-02-17
174,4,4,2020-02-18
175,1,1,2020-03-10
176,2,2,2020-03-24
177,3,1,2020-02-27
178,1,1,2020-03-15
179,4,5,2020-02-13
180,1,1,2020-01-31
181,4,3,2020-02-18
182,3,4,2020-02-03
183,2,4,2020-03-04
184,2,1,2020-02-22
185,5,5,2020-03-17
186,2,5,2020-02-21
187,1,4,2020-02-26
188,1,2,2020-02-16
189,4,5,2020-01-17
190,5,2,2020-03-14
191,5,4,2020-02-11
192,5,4,2020-02-04
193,5,2,2020-02-14
194,4,1,2020-02-28
195,4,2,2020-02-12
196,5,3,2020-02-16
197,2,3,2020-02-22
198,3,1,2020-02-23
199,2,5,2020-02-18
200,1,1,2020-02-28
201,4,3,2020-01-26
202,2,3,2020-01-24
203,5,3,2020-01-24
204,1,2,2020-02-01
205,2,3,2020-02-12
206,2,3,2020-01-28
207,4,2,2020-02-16
208,2,1,2020-01-26
209,4,5,2020-02-19
210,5,3,2020-02-18
211,1,2,2020-02-23
212,2,5,2020-02-29
213,3,2,2020-02-11
214,2,4,2020-01-26
215,2,3,2020-02-29
216,3,3,2020-02-06
217,1,3,2020-02-10
218,5,3,2020-03-20
219,2,4,2020-02-03
220,2,4,2020-02-20
221,4,1,2020-02-26
222,1,2,2020-01-31
223,4,4,2020-02-10
224,2,5,2020-02-22
225,3,1,2020-02-25
226,2,5,2020-02-26
227,1,4,2020-01-17
228,4,3,2020-02-27
229,5,4,2020-02-14
230,3,3,2020-03-07
231,3,3,2020-02-18
232,4,2,2020-02-09
233,2,1,2020-02-11
234,2,4,2020-02-10
235,1,2,2020-01-21
236,4,5,2020-02-28
237,1,1,2020-02-02
238,4,4,2020-02-16
239,4,2,2020-02-20
240,2,3,2020-02-28
241,4,3,2020-01-27
242,3,3,2020-03-10
243,1,3,2020-01-18
244,1,2,2020-02-26
245,3,1,2020-03-12
246,1,5,2020-03-14
247,3,1,2020-01-24
248,4,5,2020-03-07
249,5,1,2020-02-23
250,3,3,2020-02-20
251,2,1,2020-02-04
252,4,4,2020-02-17
253,4,4,2020-03-22
254,1,1,2020-01-17
255,4,4,2020-02-24
256,3,1,2020-03-02
257,5,5,2020-02-28
258,1,4,2020-03-01
259,2,4,2020-01-24
260,4,5,2020-03-10
261,2,1,2020-03-09
262,3,2,2020-02-02
263,2,3,2020-02-14
264,4,1,2020-02-11
265,1,5,2020-02-24
266,3,1,2020-03-06
267,3,3,2020-02-07
268,4,3,2020-01-17
269,5,1,2020-02-24
270,4,3,2020-02-17
271,3,1,2020-01-23
272,2,3,2020-01-21
273,2,4,2020-02-19
274,1,5,2020-02-13
275,2,5,2020-02-16
276,1,1,2020-01-16
277,1,3,2020-03-03
278,1,2,2020-02-27
279,4,5,2020-02-09
280,2,5,2020-02-14
281,2,2,2020-02-07
282,1,1,2020-03-01
283,1,4,2020-02-09
284,1,3,2020-03-29
285,3,4,2020-03-04
286,4,2,2020-02-01
287,1,1,2020-02-29
288,4,1,2020-02-07
289,3,4,2020-03-12
290,4,3,2020-01-30
291,5,1,2020-02-18
292,1,1,2020-02-11
293,5,3,2020-02-22
294,2,3,2020-02-14
295,2,5,2020-02-21
296,5,4,2020-01-20
297,1,4,2020-02-12
298,4,1,2020-03-05
299,3,1,2020-02-13
300,2,4,2020-02-25
301,3,3,2020-02-28
302,1,5,2020-03-14
303,1,1,2020-02-27
304,5,3,2020-03-07
305,1,5,2020-02-28
306,4,5,2020-02-23
307,5,2,2020-02-13
308,3,4,2020-02-13
309,5,1,2020-02-27
310,5,4,2020-02-28
311,3,3,2020-02-11
312,5,5,2020-02-09
313,3,2,2020-03-15
314,1,4,2020-02-08
315,3,4,2020-02-11
316,4,4,2020-03-02
317,2,3,2020-02-12
318,4,2,2020-02-11
319,1,3,2020-01-25
320,3,1,2020-02-07
321,3,5,2020-02-24
322,5,4,2020-02-20
323,1,1,2020-03-04
324,1,4,2020-03-02
325,2,3,2020-03-04
326,4,3,2020-03-04
327,5,2,2020-02-25
328,3,2,2020-02-15
329,5,4,2020-02-15
330,5,4,2020-02-17
331,5,5,2020-01-24
332,5,5,2020-02-29
333,5,2,2020-02-06
334,2,1,2020-02-29
335,2,3,2020-02-01
336,2,1,2020-02-01
337,3,1,2020-02-29
338,3,1,2020-03-06
339,2,4,2020-02-09
340,4,4,2020-02-12
341,5,5,2020-03-08
342,1,3,2020-02-13
343,2,1,2020-02-13
344,1,5,2020-02-19
345,4,3,2020-01-25
346,4,5,2020-03-05
347,1,4,2020-02-17
348,3,5,2020-02-18
349,3,2,2020-02-11
350,2,1,2020-01-26
351,3,4,2020-01-27
352,5,4,2020-03-01
353,3,5,2020-02-02
354,5,1,2020-03-12
355,3,3,2020-03-07
356,5,4,2020-02-13
357,4,2,2020-02-24
358,3,1,2020-02-18
359,2,5,2020-02-13
360,5,3,2020-01-27
361,5,2,2020-03-07
362,5,4,2020-02-20
363,5,3,2020-01-31
364,4,4,2020-02-26
365,2,1,2020-02-13
366,2,2,2020-03-03
367,3,5,2020-02-27
368,1,4,2020-02-21
369,4,1,2020-02-21
370,5,4,2020-03-08
371,5,4,2020-02-26
372,2,1,2020-01-20
373,5,3,2020-03-02
374,2,4,2020-02-01
375,1,2,2020-02-12
376,5,4,2020-02-02
377,4,1,2020-03-15
378,2,2,2020-02-08
379,5,3,2020-02-24
380,1,2,2020-02-17
381,1,5,2020-02-11
382,4,2,2020-01-11
383,2,3,2020-03-22
384,3,2,2020-01-30
385,2,3,2020-03-09
386,1,1,2020-02-21
387,1,4,2020-02-04
388,3,2,2020-02-28
389,4,2,2020-01-27
390,2,3,2020-02-20
391,3,3,2020-02-24
392,2,1,2020-01-31
393,2,4,2020-02-15
394,4,1,2020-02-29
395,1,2,2020-02-25
396,3,4,2020-02-13
397,4,3,2020-02-11
398,3,1,2020-02-02
399,3,2,2020-02-08
400,4,3,2020-01-30
401,1,5,2020-01-24
402,2,5,2020-02-04
403,3,2,2020-03-11
404,5,3,2020-01-27
405,4,1,2020-02-11
406,5,2,2020-02-04
407,3,4,2020-02-22
408,5,5,2020-02-15
409,5,2,2020-03-08
410,2,5,2020-02-07
411,2,1,2020-03-05
412,4,3,2020-02-03
413,3,4,2020-02-28
414,1,1,2020-01-26
415,5,2,2020-02-21
416,1,4,2020-02-24
417,1,4,2020-01-08
418,1,4,2020-02-10
419,1,4,2020-02-13
420,2,5,2020-02-21
421,3,4,2020-02-04
422,1,3,2020-02-25
423,4,4,2020-02-09
424,1,5,2020-02-17
425,3,1,2020-02-16
426,1,4,2020-03-04
427,4,3,2020-03-03
428,2,1,2020-02-12
429,5,5,2020-02-02
430,2,2,2020-01-27
431,3,1,2020-02-15
432,1,1,2020-02-03
433,4,4,2020-03-11
434,5,4,2020-02-16
435,3,5,2020-01-29
436,3,3,2020-02-05
437,1,1,2020-02-21
438,4,2,2020-02-12
439,3,1,2020-03-20
440,5,2,2020-02-19
441,4,3,2020-02-11
442,1,3,2020-03-08
443,2,1,2020-02-12
444,3,4,2020-01-28
445,2,5,2020-02-20
446,3,2,2020-03-15
447,5,5,2020-01-11
448,3,2,2020-03-12
449,3,5,2020-02-06
450,3,4,2020-02-13
451,1,1,2020-03-15
452,2,3,2020-02-10
453,1,4,2020-02-25
454,2,5,2020-02-09
455,1,4,2020-01-19
456,2,2,2020-01-26
457,1,3,2020-02-27
458,4,3,2020-01-27
459,3,2,2020-01-30
460,3,5,2020-02-07
461,1,2,2020-02-03
462,1,5,2020-03-04
463,4,2,2020-03-08
464,1,4,2020-02-23
465,4,5,2020-02-20
466,1,1,2020-02-06
467,3,4,2020-02-16
468,4,5,2020-02-08
469,2,3,2020-02-23
470,3,3,2020-01-26
471,2,2,2020-02-18
472,4,2,2020-03-03
473,5,3,2020-02-21
474,3,5,2020-02-14
475,2,2,2020-01-12
476,3,2,2020-03-01
477,3,5,2020-01-31
478,3,2,2020-02-25
479,3,3,2020-02-11
480,2,1,2020-03-06
481,1,1,2020-02-23
482,3,4,2020-02-24
483,5,1,2020-02-13
484,3,2,2020-02-21
485,2,2,2020-02-13
486,3,4,2020-01-31
487,3,5,2020-02-20
488,5,5,2020-02-11
489,4,3,2020-02-21
490,5,2,2020-02-11
491,3,3,2020-02-21
492,1,5,2020-02-12
493,4,4,2020-02-06
494,5,4,2020-02-12
495,5,5,2020-02-10
496,3,4,2020-01-18
497,5,5,2020-03-18
498,1,1,2020-02-08
499,5,2,2020-01-16
500,2,3,2020-02-07
1,3,5,2020-01-17
2,3,5,2020-02-22
3,5,4,2020-03-25
4,5,5,2020-03-03
5,3,4,2020-02-06
6,1,2,2020-03-26
7,2,2,2020-02-27
8,1,5,2020-02-17
9,4,1,2020-02-20
10,3,5,2020-02-03
11,2,3,2020-02-21
12,1,3,2020-01-28
13,2,3,2020-02-22
14,1,1,2020-02-06
15,1,1,2020-03-12
16,4,5,2020-03-06
17,2,2,2020-03-06
18,1,1,2020-03-11
19,2,1,2020-02-23
20,2,1,2020-03-22
21,3,2,2020-02-27
22,4,1,2020-02-23
23,1,2,2020-03-29
24,2,1,2020-03-28
25,5,2,2020-03-18
26,3,3,2020-03-09
27,4,4,2020-02-21
28,4,3,2020-02-24
29,2,4,2020-02-29
30,2,5,2020-03-24
31,3,3,2020-02-26
32,4,3,2020-02-16
33,3,4,2020-03-28
34,2,5,2020-02-27
35,4,3,2020-03-17
36,2,2,2020-03-20
37,1,4,2020-02-27
38,5,1,2020-02-23
39,5,2,2020-02-23
40,2,3,2020-03-05
41,5,2,2020-04-01
42,4,1,2020-02-29
43,2,1,2020-03-04
44,3,3,2020-03-19
45,2,2,2020-03-22
46,1,5,2020-03-16
47,5,2,2020-02-02
48,5,4,2020-03-01
49,2,5,2020-02-12
50,2,1,2020-03-08
51,1,5,2020-02-18
52,5,1,2020-03-01
53,4,3,2020-02-05
54,4,5,2020-03-21
55,5,1,2020-03-15
56,4,2,2020-02-16
57,5,3,2020-03-19
58,3,2,2020-02-25
59,3,3,2020-03-05
60,5,1,2020-02-05
61,4,2,2020-02-10
62,2,1,2020-03-15
63,1,3,2020-03-07
64,2,4,2020-02-24
65,1,3,2020-03-28
66,1,4,2020-03-25
67,3,3,2020-02-29
68,3,3,2020-04-06
69,1,4,2020-03-06
70,3,3,2020-02-14
71,1,4,2020-03-05
72,3,5,2020-03-04
73,1,5,2020-03-01
74,5,4,2020-03-09
75,4,3,2020-02-29
76,2,1,2020-03-21
77,5,3,2020-02-28
78,5,3,2020-03-14
79,1,4,2020-02-26
80,4,1,2020-04-04
81,1,1,2020-03-18
82,2,1,2020-02-21
83,2,1,2020-03-03
84,1,1,2020-02-20
85,5,2,2020-03-18
86,4,3,2020-03-05
87,2,1,2020-02-25
88,3,5,2020-03-16
89,5,3,2020-03-05
90,4,4,2020-03-15
91,4,1,2020-02-28
92,3,4,2020-03-04
93,4,3,2020-02-27
94,5,5,2020-03-09
95,1,2,2020-02-21
96,3,4,2020-02-26
97,3,5,2020-03-04
98,1,5,2020-02-22
99,2,3,2020-03-01
100,1,5,2020-02-04
101,2,2,2020-02-10
102,1,4,2020-02-23
103,4,5,2020-03-07
104,4,3,2020-03-17
105,1,4,2020-02-01
106,2,3,2020-04-11
107,2,3,2020-03-21
108,1,5,2020-03-02
109,4,3,2020-03-07
110,2,5,2020-02-13
111,4,2,2020-03-29
112,1,4,2020-02-21
113,1,3,2020-03-20
114,1,4,2020-02-01
115,5,3,2020-04-03
116,1,2,2020-03-15
117,5,4,2020-03-03
118,3,1,2020-02-28
119,2,1,2020-03-14
120,1,3,2020-03-19
121,3,1,2020-02-08
122,2,5,2020-02-24
123,4,2,2020-03-13
124,3,3,2020-02-29
125,2,4,2020-03-03
126,4,3,2020-03-17
127,5,3,2020-03-14
128,4,5,2020-04-02
129,3,5,2020-03-25
130,3,2,2020-02-25
131,3,5,2020-02-19
132,4,1,2020-02-17
133,2,1,2020-03-09
134,1,3,2020-03-13
135,5,1,2020-03-08
136,3,5,2020-03-05
137,1,4,2020-02-14
138,4,3,2020-03-09
139,4,3,2020-02-26
140,1,4,2020-04-04
141,3,2,2020-03-04
142,1,3,2020-02-23
143,5,5,2020-03-14
144,3,5,2020-03-26
145,5,4,2020-02-27
146,1,5,2020-03-19
147,1,2,2020-04-06
148,4,5,2020-02-05
149,1,2,2020-02-23
150,2,3,2020-02-24
151,1,4,2020-02-29
152,4,5,2020-02-24
153,3,3,2020-03-08
154,2,3,2020-03-16
155,4,2,2020-03-30
156,5,2,2020-03-16
157,2,2,2020-02-29
158,5,1,2020-02-18
159,5,3,2020-03-24
160,4,2,2020-02-14
161,1,4,2020-01-23
162,2,4,2020-02-10
163,4,5,2020-02-14
164,3,1,2020-02-22
165,4,4,2020-02-22
166,2,3,2020-03-11
167,4,4,2020-03-01
168,5,1,2020-03-31
169,1,3,2020-03-03
170,5,1,2020-02-28
171,1,2,2020-03-16
172,2,1,2020-03-09
173,5,4,2020-03-13
174,4,2,2020-03-11
175,1,2,2020-03-27
176,2,4,2020-04-02
177,3,1,2020-03-01
178,1,1,2020-04-07
179,4,5,2020-02-22
180,1,1,2020-02-18
181,4,5,2020-03-02
182,3,5,2020-02-19
183,2,5,2020-03-23
184,2,1,2020-03-10
185,5,2,2020-03-18
186,2,4,2020-02-28
187,1,5,2020-03-21
188,1,1,2020-03-01
189,4,3,2020-01-28
190,5,4,2020-03-27
191,5,3,2020-03-03
192,5,5,2020-02-22
193,5,2,2020-03-14
194,4,1,2020-03-23
195,4,3,2020-02-17
196,5,2,2020-03-01
197,2,3,2020-03-14
198,3,3,2020-03-18
199,2,5,2020-03-10
200,1,1,2020-03-20
201,4,2,2020-02-01
202,2,4,2020-02-20
203,5,1,2020-02-14
204,1,3,2020-02-25
205,2,1,2020-02-19
206,2,2,2020-02-07
207,4,1,2020-02-28
208,2,1,2020-02-05
209,4,2,2020-03-02
210,5,5,2020-02-22
211,1,5,2020-03-09
212,2,5,2020-03-09
213,3,1,2020-02-20
214,2,2,2020-01-28
215,2,4,2020-03-25
216,3,5,2020-02-22
217,1,1,2020-02-26
218,5,2,2020-03-27
219,2,5,2020-02-22
220,2,1,2020-03-07
221,4,1,2020-03-05
222,1,5,2020-02-17
223,4,2,2020-02-20
224,2,3,2020-03-07
225,3,2,2020-03-20
226,2,4,2020-03-05
227,1,5,2020-01-29
228,4,4,2020-03-09
229,5,1,2020-02-20
230,3,2,2020-03-17
231,3,4,2020-03-09
232,4,3,2020-02-26
233,2,5,2020-02-28
234,2,1,2020-02-15
235,1,5,2020-02-08
236,4,2,2020-03-12
237,1,4,2020-02-06
238,4,3,2020-02-20
239,4,3,2020-02-23
240,2,2,2020-03-18
241,4,3,2020-02-04
242,3,4,2020-03-16
243,1,5,2020-01-27
244,1,2,2020-03-15
245,3,2,2020-03-21
246,1,4,2020-03-30
247,3,1,2020-02-03
248,4,2,2020-03-14
249,5,5,2020-03-09
250,3,4,2020-02-29
251,2,3,2020-02-28
252,4,3,2020-03-17
253,4,3,2020-04-11
254,1,1,2020-01-30
255,4,2,2020-03-14
256,3,3,2020-03-08
257,5,2,2020-03-27
258,1,3,2020-03-14
259,2,4,2020-02-06
260,4,3,2020-03-20
261,2,2,2020-04-07
262,3,5,2020-02-23
263,2,1,2020-03-01
264,4,3,2020-03-03
265,1,1,2020-02-27
266,3,4,2020-03-12
267,3,3,2020-03-02
268,4,3,2020-02-08
269,5,3,2020-03-03
270,4,1,2020-03-09
271,3,4,2020-01-25
272,2,4,2020-02-02
273,2,1,2020-03-13
274,1,1,2020-02-25
275,2,1,2020-02-25
276,1,1,2020-02-07
277,1,2,2020-03-15
278,1,1,2020-03-05
279,4,5,2020-02-27
280,2,2,2020-02-20
281,2,2,2020-02-28
282,1,3,2020-03-14
283,1,5,2020-03-10
284,1,3,2020-04-25
285,3,1,2020-03-23
286,4,2,2020-02-26
287,1,2,2020-03-04
288,4,1,2020-02-17
289,3,4,2020-04-01
290,4,3,2020-02-18
291,5,1,2020-03-07
292,1,4,2020-03-04
293,5,1,2020-02-29
294,2,3,2020-03-11
295,2,1,2020-02-26
296,5,5,2020-01-22
297,1,3,2020-02-26
298,4,5,2020-03-30
299,3,1,2020-03-03
300,2,4,2020-03-24
301,3,5,2020-03-01
302,1,1,2020-04-07
303,1,3,2020-03-08
304,5,3,2020-04-04
305,1,5,2020-03-06
306,4,4,2020-03-18
307,5,5,2020-02-20
308,3,2,2020-02-28
309,5,4,2020-02-28
310,5,5,2020-03-11
311,3,2,2020-02-18
312,5,4,2020-02-21
313,3,1,2020-04-09
314,1,4,2020-02-23
315,3,2,2020-02-19
316,4,2,2020-03-18
317,2,1,2020-03-01
318,4,5,2020-03-03
319,1,5,2020-02-12
320,3,3,2020-02-25
321,3,5,2020-03-15
322,5,3,2020-02-27
323,1,5,2020-03-23
324,1,1,2020-03-12
325,2,5,2020-04-01
326,4,2,2020-03-16
327,5,5,2020-03-02
328,3,2,2020-02-22
329,5,5,2020-03-15
330,5,3,2020-03-16
331,5,3,2020-02-19
332,5,5,2020-03-04
333,5,4,2020-03-06
334,2,5,2020-03-15
335,2,4,2020-02-18
336,2,4,2020-03-01
337,3,2,2020-03-13
338,3,4,2020-03-16
339,2,4,2020-02-20
340,4,1,2020-02-18
341,5,5,2020-03-16
342,1,5,2020-03-06
343,2,5,2020-03-12
344,1,5,2020-03-09
345,4,3,2020-02-14
346,4,1,2020-04-03
347,1,3,2020-02-22
348,3,5,2020-02-24
349,3,5,2020-02-22
350,2,2,2020-02-25
351,3,4,2020-02-14
352,5,1,2020-03-17
353,3,5,2020-03-01
354,5,5,2020-04-02
355,3,1,2020-04-01
356,5,3,2020-03-06
357,4,2,2020-03-04
358,3,3,2020-03-09
359,2,4,2020-02-25
360,5,1,2020-02-03
361,5,2,2020-03-10
362,5,2,2020-03-16
363,5,3,2020-02-23
364,4,5,2020-03-05
365,2,3,2020-03-12
366,2,1,2020-03-27
367,3,5,2020-03-07
368,1,4,2020-03-22
369,4,1,2020-02-22
370,5,4,2020-03-28
371,5,5,2020-03-08
372,2,5,2020-02-11
373,5,1,2020-03-31
374,2,4,2020-02-10
375,1,1,2020-02-26
376,5,2,2020-02-14
377,4,2,2020-03-19
378,2,5,2020-03-08
379,5,3,2020-03-09
380,1,2,2020-03-13
381,1,5,2020-02-17
382,4,5,2020-01-31
383,2,5,2020-04-10
384,3,5,2020-02-23
385,2,1,2020-03-27
386,1,4,2020-03-22
387,1,4,2020-02-16
388,3,4,2020-03-06
389,4,1,2020-02-18
390,2,4,2020-02-27
391,3,1,2020-03-08
392,2,4,2020-02-06
393,2,4,2020-02-26
394,4,2,2020-03-29
395,1,2,2020-03-04
396,3,4,2020-03-12
397,4,5,2020-02-15
398,3,5,2020-02-14
399,3,5,2020-02-29
400,4,4,2020-02-04
401,1,5,2020-01-26
402,2,2,2020-03-03
403,3,3,2020-03-15
404,5,1,2020-01-28
405,4,4,2020-02-24
406,5,4,2020-02-22
407,3,1,2020-03-02
408,5,5,2020-03-11
409,5,4,2020-04-01
410,2,3,2020-02-21
411,2,3,2020-03-29
412,4,2,2020-02-20
413,3,5,2020-03-04
414,1,1,2020-02-04
415,5,4,2020-02-28
416,1,3,2020-03-08
417,1,1,2020-01-23
418,1,2,2020-02-13
419,1,4,2020-02-16
420,2,1,2020-03-14
421,3,3,2020-02-09
422,1,4,2020-03-13
423,4,4,2020-02-13
424,1,5,2020-03-14
425,3,4,2020-02-27
426,1,1,2020-03-28
427,4,3,2020-03-13
428,2,2,2020-03-08
429,5,1,2020-03-02
430,2,3,2020-02-12
431,3,1,2020-02-25
432,1,5,2020-02-04
433,4,5,2020-03-15
434,5,1,2020-02-18
435,3,4,2020-02-05
436,3,3,2020-02-21
437,1,1,2020-03-01
438,4,1,2020-03-09
439,3,2,2020-03-21
440,5,1,2020-02-20
441,4,3,2020-03-03
442,1,5,2020-04-01
443,2,5,2020-03-11
444,3,4,2020-02-23
445,2,4,2020-03-17
446,3,4,2020-03-31
447,5,1,2020-01-23
448,3,3,2020-03-25
449,3,5,2020-02-19
450,3,2,2020-03-05
451,1,3,2020-03-17
452,2,1,2020-02-11
453,1,5,2020-03-08
454,2,5,2020-03-10
455,1,3,2020-01-31
456,2,4,2020-02-13
457,1,1,2020-03-05
458,4,2,2020-02-16
459,3,1,2020-02-20
460,3,4,2020-02-18
461,1,3,2020-02-14
462,1,2,2020-03-19
463,4,1,2020-03-12
464,1,4,2020-03-24
465,4,2,2020-03-01
466,1,4,2020-02-09
467,3,5,2020-02-21
468,4,5,2020-02-14
469,2,5,2020-03-07
470,3,2,2020-02-13
471,2,5,2020-03-02
472,4,1,2020-03-20
473,5,1,2020-02-28
474,3,5,2020-02-25
475,2,3,2020-02-05
476,3,1,2020-03-14
477,3,4,2020-02-06
478,3,5,2020-02-27
479,3,1,2020-02-24
480,2,1,2020-03-25
481,1,5,2020-02-28
482,3,1,2020-03-05
483,5,5,2020-03-11
484,3,3,2020-03-01
485,2,5,2020-03-07
486,3,1,2020-02-01
487,3,1,2020-02-23
488,5,1,2020-02-23
489,4,1,2020-02-26
490,5,2,2020-02-25
491,3,3,2020-03-14
492,1,3,2020-02-22
493,4,2,2020-02-15
494,5,2,2020-03-11
495,5,4,2020-03-07
496,3,2,2020-02-05
497,5,5,2020-04-10
498,1,4,2020-03-05
499,5,1,2020-01-24
500,2,2,2020-02-27
1,3,3,2020-01-29
2,3,2,2020-03-08
3,5,1,2020-04-09
4,5,3,2020-03-13
5,3,2,2020-02-16
6,1,2,2020-04-12
7,2,2,2020-03-06
8,1,1,2020-03-14
9,4,1,2020-03-08
10,3,3,2020-02-25
11,2,1,2020-03-15
12,1,1,2020-02-19
13,2,1,2020-03-02
14,1,3,2020-02-25
15,1,2,2020-03-18
16,4,4,2020-04-01
17,2,3,2020-03-11
18,1,2,2020-03-26
19,2,3,2020-03-10
20,2,3,2020-04-05
21,3,4,2020-03-08
22,4,5,2020-03-24
23,1,2,2020-04-19
24,2,1,2020-04-27
25,5,5,2020-03-30
26,3,3,2020-04-01
27,4,1,2020-03-15
28,4,4,2020-03-03
29,2,5,2020-03-05
30,2,5,2020-04-21
31,3,1,2020-03-18
32,4,5,2020-02-29
33,3,3,2020-04-27
34,2,3,2020-03-11
35,4,3,2020-04-13
36,2,4,2020-04-02
37,1,5,2020-03-01
38,5,1,2020-02-27
39,5,5,2020-03-18
40,2,4,2020-03-15
41,5,4,2020-04-07
42,4,5,2020-03-30
43,2,1,2020-03-12
44,3,2,2020-04-09
45,2,4,2020-04-12
46,1,2,2020-04-13
47,5,5,2020-02-29
48,5,2,2020-03-04
49,2,1,2020-02-18
50,2,5,2020-03-28
51,1,5,2020-03-06
52,5,4,2020-03-23
53,4,1,2020-03-01
54,4,2,2020-04-19
55,5,3,2020-03-17
56,4,1,2020-03-03
57,5,4,2020-03-25
58,3,3,2020-02-27
59,3,3,2020-03-10
60,5,3,2020-02-16
61,4,4,2020-03-07
62,2,2,2020-04-09
63,1,5,2020-03-23
64,2,5,2020-03-14
65,1,2,2020-04-26
66,1,2,2020-04-20
67,3,1,2020-03-18
68,3,5,2020-04-24
69,1,5,2020-03-16
70,3,5,2020-02-29
71,1,5,2020-03-24
72,3,3,2020-03-15
73,1,3,2020-03-26
74,5,2,2020-03-22
75,4,1,2020-03-17
76,2,3,2020-03-30
77,5,4,2020-03-26
78,5,5,2020-04-13
79,1,4,2020-03-09
80,4,5,2020-04-30
81,1,5,2020-04-06
82,2,5,2020-03-16
83,2,2,2020-03-04
84,1,3,2020-03-15
85,5,3,2020-03-25
86,4,2,2020-03-07
87,2,3,2020-03-07
88,3,3,2020-03-30
89,5,4,2020-03-10
90,4,5,2020-03-28
91,4,4,2020-03-20
92,3,5,2020-03-15
93,4,2,2020-03-24
94,5,3,2020-03-20
95,1,3,2020-03-04
96,3,2,2020-03-22
97,3,4,2020-03-10
98,1,1,2020-03-02
99,2,5,2020-03-23
100,1,4,2020-02-23
101,2,3,2020-03-01
102,1,4,2020-03-14
103,4,5,2020-04-04
104,4,3,2020-03-21
105,1,4,2020-02-20
106,2,3,2020-05-02
107,2,3,2020-04-18
108,1,5,2020-03-04
109,4,3,2020-03-08
110,2,4,2020-02-14
111,4,5,2020-04-13
112,1,2,2020-03-15
113,1,2,2020-04-19
114,1,3,2020-02-20
115,5,3,2020-05-03
116,1,1,2020-03-18
117,5,4,2020-04-02
118,3,2,2020-03-08
119,2,3,2020-04-09
120,1,2,2020-04-02
121,3,4,2020-02-17
122,2,1,2020-03-07
123,4,3,2020-04-04
124,3,4,2020-03-09
125,2,5,2020-03-13
126,4,5,2020-03-25
127,5,5,2020-03-20
128,4,2,2020-04-09
129,3,3,2020-04-24
130,3,1,2020-03-03
131,3,4,2020-03-16
132,4,2,2020-02-24
133,2,1,2020-03-31
134,1,4,2020-03-15
135,5,4,2020-03-23
136,3,5,2020-03-31
137,1,2,2020-02-19
138,4,2,2020-03-31
139,4,4,2020-02-29
140,1,3,2020-04-09
141,3,5,2020-03-25
142,1,1,2020-02-27
143,5,4,2020-04-10
144,3,2,2020-03-30
145,5,4,2020-03-20
146,1,1,2020-04-09
147,1,4,2020-04-28
148,4,5,2020-02-16
149,1,4,2020-03-09
150,2,1,2020-03-12
151,1,1,2020-03-01
152,4,3,2020-03-11
153,3,5,2020-04-04
154,2,5,2020-03-26
155,4,2,2020-04-21
156,5,2,2020-03-28
157,2,2,2020-03-07
158,5,3,2020-02-25
159,5,2,2020-04-23
160,4,3,2020-03-14
161,1,1,2020-02-12
162,2,5,2020-02-14
163,4,5,2020-02-21
164,3,2,2020-03-22
165,4,4,2020-03-09
166,2,3,2020-04-06
167,4,1,2020-03-15
168,5,2,2020-04-16
169,1,4,2020-03-30
170,5,1,2020-02-29
171,1,1,2020-04-01
172,2,5,2020-04-07
173,5,5,2020-03-26
174,4,5,2020-03-31
175,1,4,2020-04-15
176,2,2,2020-04-27
177,3,1,2020-03-07
178,1,4,2020-05-07
179,4,4,2020-03-12
180,1,3,2020-02-22
181,4,4,2020-03-30
182,3,3,2020-03-09
183,2,5,2020-04-12
184,2,4,2020-03-13
185,5,2,2020-04-04
186,2,5,2020-03-08
187,1,1,2020-03-29
188,1,1,2020-03-09
189,4,3,2020-02-04
190,5,4,2020-03-29
191,5,4,2020-03-14
192,5,5,2020-03-15
193,5,3,2020-03-21
194,4,5,2020-04-19
195,4,4,2020-03-01
196,5,1,2020-03-20
197,2,3,2020-03-26
198,3,2,2020-03-28
199,2,3,2020-03-20
200,1,2,2020-04-15
201,4,2,2020-02-27
202,2,5,2020-02-29
203,5,5,2020-03-13
204,1,5,2020-03-11
205,2,2,2020-02-21
206,2,3,2020-02-11
207,4,3,2020-03-04
208,2,5,2020-02-24
209,4,4,2020-03-07
210,5,5,2020-02-26
211,1,1,2020-03-25
212,2,3,2020-04-02
213,3,3,2020-03-18
214,2,2,2020-01-31
215,2,5,2020-04-20
216,3,4,2020-03-18
217,1,4,2020-03-09
218,5,1,2020-04-09
219,2,1,2020-03-22
220,2,4,2020-04-02
221,4,3,2020-03-29
222,1,4,2020-03-18
223,4,2,2020-03-16
224,2,5,2020-03-29
225,3,5,2020-04-08
226,2,4,2020-03-12
227,1,3,2020-02-11
228,4,4,2020-03-31
229,5,1,2020-03-13
230,3,4,2020-04-10
231,3,4,2020-03-21
232,4,4,2020-03-07
233,2,1,2020-03-13
234,2,3,2020-02-29
235,1,3,2020-03-03
236,4,5,2020-03-24
237,1,1,2020-02-25
238,4,2,2020-02-27
239,4,4,2020-03-04
240,2,1,2020-04-07
241,4,3,2020-02-20
242,3,1,2020-03-22
243,1,4,2020-02-03
244,1,5,2020-04-02
245,3,4,2020-04-11
246,1,5,2020-04-25
247,3,4,2020-02-25
248,4,5,2020-03-23
249,5,1,2020-03-27
250,3,1,2020-03-11
251,2,1,2020-02-29
252,4,3,2020-03-21
253,4,5,2020-05-05
254,1,3,2020-02-13
255,4,1,2020-04-02
256,3,2,2020-03-29
257,5,1,2020-04-25
258,1,4,2020-04-02
259,2,5,2020-02-23
260,4,5,2020-03-26
261,2,1,2020-04-17
262,3,4,2020-03-04
263,2,2,2020-03-06
264,4,3,2020-03-27
265,1,2,2020-03-14
266,3,2,2020-03-31
267,3,3,2020-03-17
268,4,3,2020-03-04
269,5,5,2020-03-14
270,4,2,2020-03-11
271,3,1,2020-02-15
272,2,5,2020-02-05
273,2,4,2020-03-22
274,1,3,2020-03-14
275,2,1,2020-03-02
276,1,4,2020-02-15
277,1,1,2020-03-29
278,1,4,2020-03-24
279,4,2,2020-03-16
280,2,5,2020-03-21
281,2,3,2020-03-04
282,1,4,2020-03-17
283,1,3,2020-03-29
284,1,2,2020-05-15
285,3,4,2020-04-19
286,4,2,2020-03-26
287,1,3,2020-03-24
288,4,5,2020-02-26
289,3,3,2020-04-06
290,4,2,2020-03-02
291,5,4,2020-04-05
292,1,2,2020-03-20
293,5,3,2020-03-27
294,2,1,2020-03-20
295,2,2,2020-03-04
296,5,1,2020-01-24
297,1,5,2020-03-25
298,4,3,2020-04-17
299,3,4,2020-03-19
300,2,1,2020-04-22
301,3,1,2020-03-31
302,1,1,2020-05-02
303,1,3,2020-03-18
304,5,5,2020-04-12
305,1,5,2020-03-26
306,4,4,2020-03-30
307,5,2,2020-03-13
308,3,1,2020-03-11
309,5,5,2020-03-03
310,5,2,2020-04-07
311,3,5,2020-03-07
312,5,3,2020-03-16
313,3,4,2020-05-03
314,1,3,2020-03-21
315,3,2,2020-03-13
316,4,2,2020-04-06
317,2,5,2020-03-23
318,4,4,2020-03-12
319,1,1,2020-03-07
320,3,4,2020-03-20
321,3,5,2020-04-02
322,5,4,2020-02-29
323,1,4,2020-04-01
324,1,3,2020-03-14
325,2,1,2020-04-21
326,4,5,2020-04-02
327,5,2,2020-03-11
328,3,2,2020-03-20
329,5,1,2020-04-13
330,5,3,2020-03-29
331,5,2,2020-03-13
332,5,4,2020-03-22
333,5,4,2020-03-13
334,2,3,2020-03-29
335,2,3,2020-03-04
336,2,4,2020-03-27
337,3,2,2020-03-30
338,3,2,2020-04-01
339,2,4,2020-02-21
340,4,4,2020-03-07
341,5,1,2020-04-09
342,1,3,2020-04-02
343,2,4,2020-03-15
344,1,2,2020-03-19
345,4,2,2020-02-27
346,4,3,2020-04-22
347,1,5,2020-03-09
348,3,3,2020-02-26
349,3,5,2020-03-20
350,2,2,2020-03-20
351,3,2,2020-02-22
352,5,4,2020-04-13
353,3,3,2020-03-11
354,5,5,2020-04-22
355,3,3,2020-04-17
356,5,4,2020-03-18
357,4,3,2020-03-17
358,3,5,2020-03-20
359,2,3,2020-03-12
360,5,3,2020-02-06
361,5,5,2020-03-22
362,5,2,2020-03-30
363,5,5,2020-03-07
364,4,5,2020-03-29
365,2,1,2020-04-01
366,2,4,2020-04-20
367,3,4,2020-04-02
368,1,2,2020-04-02
369,4,1,2020-02-29
370,5,5,2020-04-23
371,5,2,2020-04-04
372,2,2,2020-02-25
373,5,4,2020-04-09
374,2,2,2020-02-12
375,1,5,2020-03-23
376,5,2,2020-03-15
377,4,5,2020-04-01
378,2,2,2020-03-15
379,5,5,2020-03-15
380,1,2,2020-03-20
381,1,3,2020-02-28
382,4,4,2020-02-09
383,2,4,2020-04-25
384,3,2,2020-03-20
385,2,2,2020-04-08
386,1,1,2020-04-21
387,1,1,2020-02-21
388,3,4,2020-03-13
389,4,1,2020-03-14
390,2,2,2020-03-05
391,3,2,2020-04-07
392,2,5,2020-02-09
393,2,3,2020-03-11
394,4,3,2020-04-05
395,1,2,2020-03-29
396,3,2,2020-03-21
397,4,3,2020-03-05
398,3,3,2020-03-08
399,3,1,2020-03-25
400,4,5,2020-03-02
401,1,5,2020-02-05
402,2,1,2020-03-25
403,3,1,2020-03-27
404,5,3,2020-01-30
405,4,3,2020-02-26
406,5,2,2020-03-14
407,3,1,2020-03-05
408,5,3,2020-04-06
409,5,5,2020-04-17
410,2,1,2020-03-08
411,2,4,2020-04-26
412,4,5,2020-03-05
413,3,2,2020-03-11
414,1,1,2020-02-28
415,5,4,2020-03-01
416,1,4,2020-04-04
417,1,3,2020-02-02
418,1,4,2020-02-23
419,1,3,2020-03-06
420,2,4,2020-03-26
421,3,3,2020-03-01
422,1,4,2020-03-24
423,4,2,2020-03-01
424,1,4,2020-03-27
425,3,5,2020-03-09
426,1,5,2020-03-29
427,4,2,2020-04-04
428,2,5,2020-03-22
429,5,2,2020-03-24
430,2,5,2020-03-13
431,3,2,2020-03-03
432,1,3,2020-02-07
433,4,4,2020-03-16
434,5,4,2020-03-05
435,3,3,2020-03-03
436,3,2,2020-03-10
437,1,4,2020-03-10
438,4,3,2020-03-29
439,3,5,2020-04-15
440,5,2,2020-02-21
441,4,2,2020-03-27
442,1,3,2020-04-08
443,2,5,2020-03-31
444,3,5,2020-02-24
445,2,3,2020-04-05
446,3,5,2020-04-23
447,5,4,2020-02-18
448,3,3,2020-04-16
449,3,5,2020-03-19
450,3,4,2020-04-02
451,1,3,2020-04-11
452,2,2,2020-02-18
453,1,2,2020-04-02
454,2,1,2020-04-06
455,1,1,2020-03-01
456,2,4,2020-03-11
457,1,5,2020-03-31
458,4,3,2020-03-02
459,3,2,2020-03-12
460,3,3,2020-02-27
461,1,5,2020-02-17
462,1,4,2020-04-06
463,4,3,2020-04-10
464,1,4,2020-04-11
465,4,4,2020-03-12
466,1,1,2020-03-03
467,3,1,2020-03-05
468,4,5,2020-02-23
469,2,5,2020-03-13
470,3,4,2020-03-01
471,2,5,2020-03-25
472,4,2,2020-03-26
473,5,5,2020-03-25
474,3,5,2020-02-28
475,2,2,2020-02-06
476,3,2,2020-03-27
477,3,3,2020-03-01
478,3,2,2020-03-12
479,3,4,2020-03-18
480,2,3,2020-04-10
481,1,5,2020-03-18
482,3,4,2020-03-24
483,5,5,2020-03-18
484,3,2,2020-03-27
485,2,1,2020-03-09
486,3,4,2020-02-23
487,3,2,2020-02-26
488,5,3,2020-03-11
489,4,4,2020-02-29
490,5,3,2020-03-12
491,3,3,2020-04-08
492,1,3,2020-03-19
493,4,2,2020-02-27
494,5,5,2020-03-19
495,5,1,2020-03-19
496,3,5,2020-02-10
497,5,5,2020-04-15
498,1,2,2020-03-11
499,5,4,2020-01-26
500,2,5,2020-03-13
1,3,2,2020-02-19
2,3,4,2020-03-13
3,5,4,2020-04-10
4,5,3,2020-03-28
5,3,5,2020-03-01
6,1,4,2020-05-01
7,2,4,2020-04-02
8,1,5,2020-04-05
9,4,1,2020-03-23
10,3,1,2020-03-18
11,2,5,2020-03-21
12,1,4,2020-02-21
13,2,1,2020-03-09
14,1,5,2020-03-12
15,1,3,2020-04-11
16,4,5,2020-04-08
17,2,4,2020-03-21
18,1,1,2020-04-13
19,2,4,2020-03-22
20,2,1,2020-04-16
21,3,5,2020-04-02
22,4,1,2020-04-02
23,1,5,2020-05-12
24,2,1,2020-05-20
25,5,4,2020-04-23
26,3,3,2020-04-12
27,4,1,2020-04-02
28,4,5,2020-03-26
29,2,4,2020-03-28
30,2,3,2020-05-01
31,3,5,2020-04-11
32,4,5,2020-03-06
33,3,5,2020-05-02
34,2,5,2020-04-07
35,4,4,2020-04-28
36,2,1,2020-04-17
37,1,4,2020-03-07
38,5,1,2020-03-18
39,5,4,2020-04-09
40,2,1,2020-03-30
41,5,4,2020-05-01
42,4,3,2020-04-22
43,2,3,2020-03-17
44,3,2,2020-05-08
45,2,2,2020-04-16
46,1,4,2020-04-17
47,5,1,2020-03-15
48,5,1,2020-04-02
49,2,3,2020-02-25
50,2,4,2020-04-01
51,1,2,2020-04-02
52,5,5,2020-04-09
53,4,1,2020-03-22
54,4,4,2020-05-14
55,5,3,2020-04-13
56,4,1,2020-03-07
57,5,3,2020-03-29
58,3,5,2020-03-21
59,3,5,2020-04-05
60,5,2,2020-02-29
61,4,5,2020-03-16
62,2,1,2020-04-12
63,1,2,2020-04-07
64,2,4,2020-03-31
65,1,5,2020-05-15
66,1,2,2020-05-13
67,3,4,2020-03-20
68,3,2,2020-05-08
69,1,2,2020-03-29
70,3,5,2020-03-14
71,1,3,2020-04-11
72,3,5,2020-03-30
73,1,2,2020-04-21
74,5,3,2020-04-04
75,4,1,2020-04-03
76,2,1,2020-04-12
77,5,2,2020-04-14
78,5,4,2020-05-06
79,1,1,2020-04-06
80,4,3,2020-05-24
81,1,4,2020-04-28
82,2,5,2020-04-01
83,2,1,2020-03-08
84,1,5,2020-04-13
85,5,5,2020-04-22
86,4,2,2020-03-23
87,2,5,2020-03-28
88,3,5,2020-04-16
89,5,1,2020-03-31
90,4,2,2020-04-11
91,4,2,2020-04-11
92,3,5,2020-03-30
93,4,4,2020-03-29
94,5,1,2020-04-12
95,1,4,2020-03-11
96,3,3,2020-04-18
97,3,3,2020-04-09
98,1,5,2020-03-17
99,2,5,2020-04-06
100,1,1,2020-02-28
101,2,1,2020-03-22
102,1,1,2020-03-15
103,4,1,2020-04-10
104,4,5,2020-03-27
105,1,1,2020-02-25
106,2,1,2020-05-20
107,2,4,2020-05-05
108,1,1,2020-03-06
109,4,1,2020-03-19
110,2,2,2020-02-15
111,4,1,2020-04-21
112,1,2,2020-04-13
113,1,3,2020-04-25
114,1,2,2020-02-21
115,5,1,2020-05-17
116,1,4,2020-04-13
117,5,4,2020-04-09
118,3,1,2020-03-09
119,2,5,2020-04-28
120,1,2,2020-04-20
121,3,1,2020-03-11
122,2,3,2020-03-24
123,4,4,2020-04-06
124,3,2,2020-03-14
125,2,5,2020-04-02
126,4,5,2020-03-31
127,5,3,2020-04-11
128,4,3,2020-05-03
129,3,4,2020-05-18
130,3,5,2020-03-26
131,3,3,2020-03-19
132,4,1,2020-03-07
133,2,5,2020-04-03
134,1,2,2020-03-30
135,5,3,2020-03-26
136,3,5,2020-04-27
137,1,2,2020-03-17
138,4,2,2020-04-24
139,4,5,2020-03-15
140,1,5,2020-04-10
141,3,5,2020-04-04
142,1,2,2020-03-17
143,5,3,2020-04-17
144,3,4,2020-04-28
145,5,1,2020-04-04
146,1,1,2020-04-16
147,1,4,2020-05-17
148,4,2,2020-03-04
149,1,4,2020-04-02
150,2,2,2020-03-25
151,1,3,2020-03-28
152,4,3,2020-03-16
153,3,2,2020-04-29
154,2,4,2020-04-19
155,4,2,2020-04-29
156,5,4,2020-03-31
157,2,4,2020-04-05
158,5,3,2020-03-05
159,5,5,2020-04-30
160,4,4,2020-03-31
161,1,3,2020-03-11
162,2,1,2020-03-13
163,4,4,2020-02-28
164,3,1,2020-03-26
165,4,2,2020-03-14
166,2,2,2020-05-05
167,4,1,2020-04-01
168,5,4,2020-05-11
169,1,5,2020-04-17
170,5,4,2020-03-07
171,1,5,2020-04-21
172,2,5,2020-04-20
173,5,2,2020-04-14
174,4,4,2020-04-17
175,1,3,2020-05-09
176,2,1,2020-05-20
177,3,1,2020-03-25
178,1,5,2020-06-05
179,4,2,2020-03-31
180,1,4,2020-02-26
181,4,5,2020-04-26
182,3,3,2020-03-28
183,2,1,2020-05-07
184,2,2,2020-04-01
185,5,4,2020-04-26
186,2,2,2020-04-02
187,1,3,2020-04-02
188,1,2,2020-03-29
189,4,1,2020-02-13
190,5,3,2020-04-19
191,5,1,2020-03-26
192,5,2,2020-04-10
193,5,4,2020-04-15
194,4,2,2020-05-15
195,4,3,2020-03-18
196,5,2,2020-04-16
197,2,3,2020-04-16
198,3,3,2020-04-13
199,2,5,2020-03-22
200,1,5,2020-05-08
201,4,4,2020-03-01
202,2,5,2020-03-25
203,5,1,2020-04-03
204,1,5,2020-04-04
205,2,2,2020-02-28
206,2,5,2020-02-21
207,4,5,2020-03-18
208,2,4,2020-03-23
209,4,2,2020-03-12
210,5,3,2020-02-29
211,1,4,2020-04-12
212,2,5,2020-04-07
213,3,1,2020-03-27
214,2,4,2020-02-29
215,2,4,2020-04-27
216,3,3,2020-04-04
217,1,1,2020-03-19
218,5,1,2020-04-15
219,2,2,2020-04-08
220,2,3,2020-04-30
221,4,1,2020-04-11
222,1,5,2020-04-06
223,4,3,2020-04-06
224,2,1,2020-04-12
225,3,1,2020-04-29
226,2,1,2020-04-11
227,1,3,2020-02-29
228,4,5,2020-04-11
229,5,3,2020-03-18
230,3,1,2020-04-26
231,3,1,2020-04-09
232,4,5,2020-03-21
233,2,4,2020-04-02
234,2,4,2020-03-21
235,1,5,2020-04-02
236,4,1,2020-03-29
237,1,2,2020-02-28
238,4,1,2020-03-14
239,4,4,2020-03-18
240,2,4,2020-04-12
241,4,2,2020-03-12
242,3,4,2020-03-24
243,1,5,2020-02-13
244,1,3,2020-04-09
245,3,5,2020-04-19
246,1,5,2020-04-27
247,3,4,2020-02-29
248,4,5,2020-04-08
249,5,1,2020-04-02
250,3,2,2020-03-21
251,2,2,2020-03-20
252,4,2,2020-04-01
253,4,5,2020-05-13
254,1,3,2020-02-23
255,4,4,2020-04-28
256,3,2,2020-04-20
257,5,4,2020-05-04
258,1,1,2020-04-25
259,2,1,2020-03-21
260,4,3,2020-04-22
261,2,4,2020-04-23
262,3,4,2020-04-03
263,2,3,2020-03-07
264,4,2,2020-03-30
265,1,1,2020-03-28
266,3,3,2020-04-26
267,3,3,2020-04-04
268,4,2,2020-03-06
269,5,2,2020-03-24
270,4,3,2020-04-02
271,3,1,2020-03-09
272,2,2,2020-02-09
273,2,1,2020-04-08
274,1,3,2020-04-09
275,2,4,2020-03-20
276,1,1,2020-03-16
277,1,3,2020-04-18
278,1,5,2020-03-28
279,4,1,2020-04-06
280,2,3,2020-03-26
281,2,1,2020-03-25
282,1,1,2020-04-10
283,1,2,2020-04-04
284,1,2,2020-05-27
285,3,3,2020-05-15
286,4,4,2020-04-02
287,1,2,2020-04-13
288,4,4,2020-03-18
289,3,1,2020-04-23
290,4,4,2020-03-05
291,5,3,2020-04-07
292,1,2,2020-04-19
293,5,1,2020-04-03
294,2,1,2020-04-04
295,2,3,2020-03-17
296,5,4,2020-02-19
297,1,2,2020-03-29
298,4,4,2020-04-20
299,3,2,2020-04-14
300,2,4,2020-05-20
301,3,2,2020-04-01
302,1,1,2020-05-19
303,1,5,2020-03-31
304,5,5,2020-04-27
305,1,1,2020-04-15
306,4,1,2020-04-11
307,5,4,2020-03-17
308,3,4,2020-03-15
309,5,2,2020-03-12
310,5,5,2020-04-11
311,3,1,2020-03-23
312,5,4,2020-04-01
313,3,5,2020-05-09
314,1,5,2020-04-16
315,3,5,2020-03-18
316,4,2,2020-04-24
317,2,2,2020-04-11
318,4,5,2020-04-07
319,1,3,2020-04-04
320,3,4,2020-04-15
321,3,3,2020-04-30
322,5,2,2020-03-13
323,1,4,2020-04-06
324,1,3,2020-03-23
325,2,4,2020-05-10
326,4,4,2020-04-05
327,5,1,2020-03-18
328,3,1,2020-03-21
329,5,5,2020-05-04
330,5,2,2020-04-04
331,5,1,2020-03-15
332,5,1,2020-04-12
333,5,2,2020-04-05
334,2,5,2020-04-25
335,2,4,2020-03-15
336,2,5,2020-03-30
337,3,2,2020-04-28
338,3,5,2020-04-26
339,2,2,2020-03-11
340,4,4,2020-03-14
341,5,5,2020-04-29
342,1,3,2020-04-19
343,2,2,2020-03-16
344,1,3,2020-04-09
345,4,1,2020-03-21
346,4,4,2020-05-02
347,1,4,2020-03-28
348,3,3,2020-03-21
349,3,3,2020-04-11
350,2,4,2020-04-11
351,3,1,2020-03-17
352,5,4,2020-04-18
353,3,3,2020-03-27
354,5,1,2020-05-11
355,3,4,2020-05-03
356,5,5,2020-03-26
357,4,5,2020-04-13
358,3,1,2020-04-11
359,2,3,2020-03-13
360,5,1,2020-02-13
361,5,1,2020-04-18
362,5,1,2020-04-05
363,5,4,2020-03-27
364,4,1,2020-04-20
365,2,5,2020-04-29
366,2,4,2020-05-09
367,3,2,2020-04-07
368,1,4,2020-04-22
369,4,1,2020-03-20
370,5,5,2020-05-04
371,5,5,2020-05-03
372,2,5,2020-03-23
373,5,4,2020-04-29
374,2,5,2020-02-21
375,1,5,2020-03-30
376,5,1,2020-04-02
377,4,2,2020-04-25
378,2,2,2020-04-02
379,5,1,2020-04-11
380,1,4,2020-04-08
381,1,2,2020-03-23
382,4,3,2020-02-24
383,2,2,2020-05-06
384,3,3,2020-04-17
385,2,4,2020-05-03
386,1,5,2020-05-06
387,1,5,2020-03-09
388,3,2,2020-04-12
389,4,2,2020-03-19
390,2,1,2020-03-21
391,3,2,2020-04-11
392,2,3,2020-03-02
393,2,3,2020-03-21
394,4,1,2020-04-14
395,1,3,2020-04-01
396,3,2,2020-04-17
397,4,3,2020-04-01
398,3,4,2020-03-18
399,3,1,2020-04-01
400,4,5,2020-03-12
401,1,2,2020-02-12
402,2,4,2020-04-04
403,3,2,2020-04-24
404,5,5,2020-02-04
405,4,2,2020-03-23
406,5,2,2020-04-06
407,3,5,2020-03-20
408,5,3,2020-04-09
409,5,5,2020-04-20
410,2,2,2020-04-01
411,2,1,2020-05-20
412,4,5,2020-03-13
413,3,1,2020-04-07
414,1,2,2020-03-12
415,5,1,2020-03-09
416,1,3,2020-04-19
417,1,1,2020-02-16
418,1,3,2020-03-05
419,1,4,2020-03-07
420,2,2,2020-04-03
421,3,2,2020-03-30
422,1,5,2020-04-14
423,4,5,2020-03-31
424,1,2,2020-04-05
425,3,5,2020-03-19
426,1,4,2020-04-17
427,4,5,2020-04-28
428,2,4,2020-04-18
429,5,1,2020-04-13
430,2,3,2020-03-26
431,3,1,2020-03-10
432,1,1,2020-03-08
433,4,1,2020-03-18
434,5,1,2020-03-11
435,3,2,2020-03-27
436,3,1,2020-03-20
437,1,2,2020-04-02
438,4,2,2020-04-04
439,3,3,2020-04-18
440,5,1,2020-03-04
441,4,3,2020-04-03
442,1,3,2020-04-25
443,2,4,2020-04-12
444,3,5,2020-03-08
445,2,1,2020-04-23
446,3,5,2020-04-28
447,5,1,2020-03-13
448,3,5,2020-05-09
449,3,3,2020-04-01
450,3,5,2020-04-26
451,1,4,2020-04-21
452,2,1,2020-03-13
453,1,2,2020-04-11
454,2,5,2020-04-24
455,1,2,2020-03-05
456,2,2,2020-03-17
457,1,4,2020-04-24
458,4,5,2020-03-14
459,3,2,2020-03-24
460,3,1,2020-02-28
461,1,1,2020-03-07
462,1,4,2020-04-20
463,4,1,2020-05-01
464,1,5,2020-04-18
465,4,3,2020-03-13
466,1,2,2020-03-11
467,3,1,2020-03-22
468,4,4,2020-03-18
469,2,1,2020-03-29
470,3,3,2020-03-17
471,2,2,2020-04-04
472,4,4,2020-04-10
473,5,2,2020-04-24
474,3,4,2020-03-18
475,2,1,2020-02-29
476,3,2,2020-04-15
477,3,5,2020-03-20
478,3,4,2020-03-29
479,3,1,2020-03-24
480,2,5,2020-04-11
481,1,2,2020-03-28
482,3,1,2020-04-21
483,5,2,2020-03-28
484,3,1,2020-04-24
485,2,2,2020-03-31
486,3,3,2020-03-18
487,3,2,2020-03-02
488,5,3,2020-03-17
489,4,1,2020-03-11
490,5,5,2020-03-25
491,3,1,2020-04-15
492,1,5,2020-04-16
493,4,3,2020-03-17
494,5,1,2020-04-09
495,5,1,2020-04-16
496,3,4,2020-02-16
497,5,2,2020-05-01
498,1,2,2020-03-18
499,5,5,2020-01-30
500,2,2,2020-03-19
1,3,2,2020-03-17
2,3,4,2020-03-14
3,5,2,2020-04-25
4,5,3,2020-04-02
5,3,5,2020-03-06
6,1,5,2020-05-30
7,2,5,2020-04-08
8,1,3,2020-04-26
9,4,3,2020-04-03
10,3,2,2020-03-19
11,2,5,2020-03-24
12,1,3,2020-03-01
13,2,4,2020-04-06
14,1,4,2020-03-30
15,1,3,2020-04-17
16,4,1,2020-04-17
17,2,1,2020-04-20
18,1,5,2020-05-07
19,2,3,2020-03-27
20,2,3,2020-04-25
21,3,4,2020-04-25
22,4,3,2020-04-24
23,1,2,2020-05-14
24,2,5,2020-06-11
25,5,1,2020-05-06
26,3,3,2020-05-12
27,4,5,2020-04-06
28,4,1,2020-03-27
29,2,3,2020-04-21
30,2,4,2020-05-10
31,3,3,2020-04-12
32,4,2,2020-04-04
33,3,4,2020-05-05
34,2,2,2020-04-23
35,4,5,2020-05-16
36,2,4,2020-04-18
37,1,4,2020-03-26
38,5,3,2020-03-22
39,5,4,2020-04-24
40,2,3,2020-04-11
41,5,5,2020-05-29
42,4,4,2020-05-18
43,2,2,2020-03-30
44,3,2,2020-05-24
45,2,1,2020-04-22
46,1,4,2020-04-22
47,5,4,2020-04-03
48,5,5,2020-05-01
49,2,3,2020-03-22
50,2,4,2020-04-22
51,1,1,2020-04-11
52,5,4,2020-04-17
53,4,2,2020-04-09
54,4,1,2020-05-28
55,5,5,2020-04-17
56,4,2,2020-03-22
57,5,3,2020-04-28
58,3,4,2020-04-13
59,3,5,2020-05-01
60,5,3,2020-03-07
61,4,3,2020-03-23
62,2,3,2020-04-23
63,1,1,2020-05-06
64,2,1,2020-04-27
65,1,4,2020-05-30
66,1,4,2020-06-08
67,3,5,2020-04-12
68,3,5,2020-05-30
69,1,4,2020-04-18
70,3,5,2020-04-04
71,1,1,2020-04-28
72,3,4,2020-04-19
73,1,5,2020-04-29
74,5,4,2020-05-03
75,4,3,2020-04-10
76,2,4,2020-04-25
77,5,3,2020-04-20
78,5,5,2020-05-11
79,1,5,2020-04-11
80,4,3,2020-06-15
81,1,5,2020-05-24
82,2,3,2020-04-06
83,2,5,2020-03-23
84,1,5,2020-05-02
85,5,4,2020-04-27
86,4,3,2020-03-24
87,2,2,2020-04-06
88,3,2,2020-05-06
89,5,4,2020-04-17
90,4,1,2020-04-23
91,4,5,2020-04-28
92,3,1,2020-04-18
93,4,5,2020-04-04
94,5,4,2020-04-27
95,1,2,2020-03-12
96,3,3,2020-04-24
97,3,1,2020-04-10
98,1,2,2020-03-31
99,2,4,2020-04-26
100,1,5,2020-03-22
101,2,4,2020-04-03
102,1,4,2020-03-18
103,4,5,2020-04-20
104,4,1,2020-04-14
105,1,2,2020-03-14
106,2,5,2020-06-14
107,2,2,2020-05-11
108,1,5,2020-03-14
109,4,4,2020-04-06
110,2,1,2020-03-04
111,4,3,2020-04-23
112,1,5,2020-05-04
113,1,5,2020-05-21
114,1,4,2020-03-18
115,5,4,2020-06-07
116,1,3,2020-05-13
117,5,5,2020-04-27
118,3,4,2020-03-29
119,2,3,2020-05-16
120,1,5,2020-04-25
121,3,5,2020-03-30
122,2,2,2020-04-18
123,4,5,2020-04-26
124,3,1,2020-03-20
125,2,3,2020-05-02
126,4,3,2020-04-18
127,5,5,2020-04-13
128,4,4,2020-05-19
129,3,2,2020-05-25
130,3,1,2020-04-01
131,3,4,2020-03-22
132,4,4,2020-03-13
133,2,5,2020-04-20
134,1,2,2020-04-18
135,5,4,2020-04-22
136,3,4,2020-05-01
137,1,3,2020-03-25
138,4,2,2020-05-16
139,4,5,2020-04-10
140,1,1,2020-05-10
141,3,3,2020-04-07
142,1,4,2020-03-19
143,5,3,2020-04-19
144,3,2,2020-04-30
145,5,2,2020-04-13
146,1,2,2020-05-07
147,1,5,2020-05-22
148,4,4,2020-03-16
149,1,1,2020-04-13
150,2,5,2020-04-22
151,1,1,2020-04-26
152,4,4,2020-03-28
153,3,2,2020-05-06
154,2,2,2020-04-28
155,4,3,2020-05-13
156,5,5,2020-04-18
157,2,1,2020-04-06
158,5,3,2020-03-20
159,5,1,2020-05-01
160,4,4,2020-04-17
161,1,3,2020-03-17
162,2,1,2020-04-01
163,4,1,2020-03-02
164,3,1,2020-04-16
165,4,1,2020-04-06
166,2,3,2020-05-31
167,4,3,2020-04-25
168,5,5,2020-05-31
169,1,3,2020-04-29
170,5,2,2020-03-13
171,1,3,2020-05-12
172,2,1,2020-05-14
173,5,1,2020-04-28
174,4,4,2020-05-07
175,1,5,2020-05-28
176,2,1,2020-05-23
177,3,1,2020-03-28
178,1,3,2020-07-03
179,4,4,2020-04-28
180,1,2,2020-02-28
181,4,5,2020-05-22
182,3,4,2020-04-18
183,2,1,2020-05-13
184,2,3,2020-04-18
185,5,1,2020-05-13
186,2,2,2020-04-17
187,1,5,2020-04-23
188,1,3,2020-04-08
189,4,3,2020-02-24
190,5,1,2020-04-24
191,5,5,2020-04-23
192,5,2,2020-04-29
193,5,3,2020-04-20
194,4,5,2020-05-23
195,4,3,2020-04-16
196,5,5,2020-04-17
197,2,1,2020-04-29
198,3,1,2020-04-16
199,2,3,2020-04-11
200,1,5,2020-05-14
201,4,3,2020-03-14
202,2,2,2020-04-14
203,5,5,2020-05-01
204,1,4,2020-04-22
205,2,3,2020-03-15
206,2,3,2020-03-11
207,4,3,2020-03-28
208,2,3,2020-04-11
209,4,4,2020-03-29
210,5,2,2020-03-23
211,1,4,2020-05-06
212,2,5,2020-04-18
213,3,5,2020-04-06
214,2,1,2020-03-09
215,2,2,2020-05-06
216,3,1,2020-04-17
217,1,2,2020-04-10
218,5,5,2020-05-10
219,2,3,2020-04-14
220,2,1,2020-05-29
221,4,5,2020-04-25
222,1,2,2020-04-09
223,4,1,2020-05-04
224,2,4,2020-05-01
225,3,4,2020-05-28
226,2,2,2020-04-19
227,1,4,2020-03-30
228,4,5,2020-04-27
229,5,1,2020-04-08
230,3,3,2020-04-28
231,3,1,2020-04-14
232,4,1,2020-04-03
233,2,3,2020-04-09
234,2,1,2020-04-02
235,1,1,2020-04-28
236,4,5,2020-04-28
237,1,4,2020-03-14
238,4,5,2020-03-26
239,4,5,2020-04-05
240,2,1,2020-04-26
241,4,1,2020-04-07
242,3,2,2020-03-26
243,1,1,2020-02-24
244,1,1,2020-04-11
245,3,3,2020-04-22
246,1,2,2020-04-29
247,3,2,2020-03-24
248,4,1,2020-04-10
249,5,3,2020-04-28
250,3,3,2020-03-22
251,2,1,2020-04-08
252,4,2,2020-04-24
253,4,1,2020-06-11
254,1,4,2020-02-29
255,4,2,2020-05-10
256,3,4,2020-04-28
257,5,3,2020-06-02
258,1,4,2020-05-07
259,2,5,2020-04-18
260,4,2,2020-05-20
261,2,2,2020-05-19
262,3,4,2020-04-10
263,2,5,2020-04-05
264,4,3,2020-04-10
265,1,4,2020-03-29
266,3,4,2020-05-21
267,3,5,2020-04-16
268,4,4,2020-03-21
269,5,3,2020-04-12
270,4,1,2020-04-10
271,3,3,2020-03-25
272,2,1,2020-02-17
273,2,1,2020-04-12
274,1,1,2020-04-23
275,2,2,2020-03-29
276,1,2,2020-04-07
277,1,2,2020-05-14
278,1,1,2020-04-21
279,4,2,2020-04-25
280,2,1,2020-03-27
281,2,1,2020-04-10
282,1,2,2020-05-10
283,1,3,2020-04-29
284,1,1,2020-06-05
285,3,1,2020-05-22
286,4,3,2020-04-20
287,1,1,2020-05-05
288,4,4,2020-03-30
289,3,4,2020-05-01
290,4,1,2020-03-06
291,5,4,2020-05-07
292,1,4,2020-05-08
293,5,4,2020-04-23
294,2,1,2020-04-29
295,2,4,2020-03-23
296,5,3,2020-03-19
297,1,5,2020-04-05
298,4,5,2020-05-15
299,3,2,2020-05-10
300,2,2,2020-06-14
301,3,2,2020-04-05
302,1,4,2020-06-06
303,1,5,2020-04-08
304,5,1,2020-05-14
305,1,1,2020-05-06
306,4,4,2020-04-24
307,5,5,2020-04-16
308,3,4,2020-03-30
309,5,2,2020-03-25
310,5,4,2020-05-05
311,3,5,2020-03-24
312,5,2,2020-04-24
313,3,2,2020-05-11
314,1,3,2020-05-12
315,3,2,2020-03-21
316,4,3,2020-05-11
317,2,3,2020-04-25
318,4,3,2020-05-07
319,1,4,2020-04-07
320,3,5,2020-05-10
321,3,4,2020-05-28
322,5,4,2020-03-31
323,1,4,2020-04-12
324,1,5,2020-04-14
325,2,1,2020-05-26
326,4,3,2020-04-21
327,5,5,2020-03-21
328,3,3,2020-03-30
329,5,2,2020-05-24
330,5,2,2020-04-22
331,5,2,2020-04-12
332,5,2,2020-05-02
333,5,1,2020-04-06
334,2,5,2020-05-25
335,2,5,2020-03-19
336,2,2,2020-04-03
337,3,1,2020-05-18
338,3,4,2020-04-29
339,2,1,2020-03-22
340,4,3,2020-03-15
341,5,2,2020-05-17
342,1,5,2020-04-21
343,2,5,2020-04-12
344,1,4,2020-04-14
345,4,5,2020-04-08
346,4,1,2020-05-11
347,1,3,2020-04-21
348,3,2,2020-04-01
349,3,1,2020-05-03
350,2,5,2020-04-15
351,3,4,2020-03-26
352,5,1,2020-04-22
353,3,5,2020-04-21
354,5,4,2020-05-19
355,3,2,2020-05-23
356,5,3,2020-04-23
357,4,2,2020-05-11
358,3,1,2020-04-18
359,2,3,2020-04-04
360,5,3,2020-02-29
361,5,5,2020-05-18
362,5,1,2020-04-17
363,5,1,2020-04-25
364,4,3,2020-05-02
365,2,5,2020-05-24
366,2,3,2020-05-17
367,3,4,2020-04-25
368,1,5,2020-05-05
369,4,5,2020-04-03
370,5,2,2020-05-22
371,5,4,2020-05-31
372,2,4,2020-04-12
373,5,2,2020-05-10
374,2,4,2020-03-12
375,1,1,2020-04-02
376,5,1,2020-04-16
377,4,5,2020-04-26
378,2,2,2020-04-03
379,5,3,2020-04-23
380,1,4,2020-04-26
381,1,3,2020-04-15
382,4,4,2020-03-09
383,2,5,2020-05-16
384,3,4,2020-05-14
385,2,5,2020-05-13
386,1,3,2020-05-30
387,1,5,2020-03-22
388,3,3,2020-04-19
389,4,2,2020-04-01
390,2,1,2020-03-22
391,3,2,2020-04-20
392,2,3,2020-03-24
393,2,4,2020-04-04
394,4,5,2020-05-13
395,1,2,2020-04-15
396,3,1,2020-05-02
397,4,3,2020-04-26
398,3,3,2020-04-11
399,3,1,2020-04-03
400,4,1,2020-03-29
401,1,1,2020-02-19
402,2,5,2020-04-20
403,3,5,2020-04-30
404,5,4,2020-02-05
405,4,3,2020-03-31
406,5,2,2020-04-18
407,3,4,2020-04-01
408,5,4,2020-04-21
409,5,3,2020-05-01
410,2,2,2020-04-26
411,2,2,2020-06-02
412,4,5,2020-03-21
413,3,5,2020-04-14
414,1,3,2020-03-18
415,5,2,2020-04-02
416,1,5,2020-04-27
417,1,2,2020-02-29
418,1,1,2020-03-23
419,1,4,2020-03-15
420,2,1,2020-05-01
421,3,3,2020-04-15
422,1,4,2020-05-04
423,4,4,2020-04-10
424,1,5,2020-04-18
425,3,3,2020-04-11
426,1,3,2020-05-12
427,4,3,2020-05-26
428,2,1,2020-05-09
429,5,3,2020-04-18
430,2,5,2020-04-01
431,3,5,2020-04-09
432,1,3,2020-03-15
433,4,1,2020-04-03
434,5,4,2020-04-04
435,3,2,2020-04-01
436,3,2,2020-04-07
437,1,3,2020-04-06
438,4,2,2020-04-25
439,3,2,2020-04-27
440,5,4,2020-03-18
441,4,3,2020-04-13
442,1,5,2020-05-09
443,2,4,2020-04-15
444,3,4,2020-03-19
445,2,3,2020-04-30
446,3,3,2020-05-14
447,5,1,2020-04-02
448,3,5,2020-05-20
449,3,5,2020-04-11
450,3,5,2020-05-05
451,1,3,2020-04-26
452,2,1,2020-03-19
453,1,5,2020-04-12
454,2,3,2020-05-22
455,1,2,2020-03-17
456,2,3,2020-04-03
457,1,3,2020-05-02
458,4,1,2020-03-15
459,3,2,2020-04-19
460,3,4,2020-03-25
461,1,2,2020-04-02
462,1,2,2020-04-22
463,4,2,2020-05-14
464,1,3,2020-04-21
465,4,2,2020-03-27
466,1,4,2020-03-29
467,3,2,2020-03-28
468,4,1,2020-04-09
469,2,4,2020-04-24
470,3,5,2020-04-12
471,2,1,2020-04-17
472,4,4,2020-05-02
473,5,4,2020-04-26
474,3,3,2020-04-17
475,2,5,2020-03-22
476,3,2,2020-04-23
477,3,2,2020-04-19
478,3,5,2020-03-31
479,3,5,2020-04-08
480,2,2,2020-04-24
481,1,4,2020-04-23
482,3,1,2020-04-26
483,5,2,2020-04-10
484,3,1,2020-05-07
485,2,2,2020-04-17
486,3,1,2020-03-31
487,3,5,2020-04-01
488,5,3,2020-04-13
489,4,5,2020-03-25
490,5,3,2020-03-28
491,3,5,2020-05-13
492,1,4,2020-05-06
493,4,3,2020-03-19
494,5,5,2020-04-14
495,5,4,2020-05-07
496,3,4,2020-02-25
497,5,4,2020-05-27
498,1,2,2020-04-05
499,5,1,2020-02-03
500,2,2,2020-04-15
